Mixture,B cells naive,B cells memory,Plasma cells,T cells CD8,T cells CD4 naive,T cells CD4 memory resting,T cells CD4 memory activated,T cells follicular helper,T cells regulatory (Tregs),T cells gamma delta,NK cells resting,NK cells activated,Monocytes,Macrophages M0,Macrophages M1,Macrophages M2,Dendritic cells resting,Dendritic cells activated,Mast cells resting,Mast cells activated,Eosinophils,Neutrophils,P-value,Correlation,RMSE
GSM831223,0.0224254118157299,0.00648516952901834,0.210078549153427,0.146305547644783,0,0.378014723616975,0.159433962237881,0.0284879481055583,0,0,0,0.00653569838394096,0.00021331338394981,0.00305937556032879,0,0.0168609909456036,0,0.00970955629473211,0,0,0.0123897533280724,0,0,0.559789212522508,0.830469487835317
GSM831224,0.0310985776592647,0,0,0.0665144420534502,0.219567663028897,0.379481956354903,0.0387292313888025,0.0144482264523812,0.0714158362363095,0,0.0856252455620462,0,0.073367988284861,0.00728344188088202,0.000616102424565092,0,0.00192636218202237,0.00244856821496924,0,0.00747635827664609,0,0,0,0.433723414591111,0.911213465262825
GSM831225,0,0.0635666327441382,0,0.0649396494996432,0.174048847621249,0.362205295133586,0.00294644249152456,0.0438518559145609,0.09215356365239,0,0,0.0475061265592216,0.114988286667932,0.00170341680474402,0,0,0,0.00419503854761583,0.0157808373844629,0,0,0.0121140069789322,0,0.468173400789966,0.886659602032568
GSM831226,0.00960031972849193,0,0,0.0809783085965768,0.0765799926036011,0.287801846101308,0.0223857221146504,0.0281610770818484,0.190917438535597,0,0.0663959423055828,0.000184975938807697,0.130980326320024,0.0456390101106975,0,0.0237938214663387,0,7.29370365497716e-05,0,0.0150578919005182,0.0214503901594083,0,0,0.279145271988211,0.984365154221561
GSM831227,0,0.0122890156173866,0.0335669664152706,0.0870179248016107,0.17460286090918,0.0905723611752981,0.048618677044413,0.0260704785365704,0.048631478246237,0,0.100169129421603,0,0.285155542035492,0.0694230700693926,0,0,0,0.0105992100246286,0,0.0132832857029175,0,0,0,0.455368675688768,0.889952407545761
GSM831228,0,0.00674324657028231,0.0186834604963344,0.0454251617645911,0.0658741464015816,0.278220051870856,0.0532378387007654,0.176482929312238,0.0477783303913304,0,0.0202907023633886,0,0.22706349691963,0,0,0.00331911778325245,0,0.00447713757657171,0,0.0309203323559238,0.0214840474932537,0,0,0.492525858719664,0.870136629597024
GSM831229,0,0,0.0113469882124962,0.0866812864865632,0,0.396083252607893,0.148623734569052,0,0,0,0.0511862297913131,0.00954293926425403,0.255268442147099,0.00425412464823425,0,0,0,0.000937765197119584,0,0.0193781934565987,0.00740880183355199,0.00928824178582544,0,0.333541273701539,0.953326402101845
GSM831230,0.0685047850812104,0,0.00155027887674114,0.122485643820724,0.0544953517349408,0.159876895670445,0.184061463966111,0.0151429029415578,0.00828699687182213,0,0.0544458683828295,0,0.214039602294522,0.0252572869565035,0,0.0235039606229756,0,0.0160780221767635,0,0.00618166367630351,0.0119522725548029,0.034137004371747,0,0.410511913828605,0.911586342419002
GSM831231,0.0247268481760501,0,0.0082714029382685,0.0504893711608559,0,0.147703342541316,0.0719886606790062,0.092958952830175,0.119359911572588,0,0.0200880254810049,0.0255740317583437,0.347425664342628,0.000254839403096967,0,0,0,0.00153260923526542,0,0.071937715954515,0.00408676739918337,0.0136018565277031,0,0.50209588042759,0.865497385353373
GSM831232,0.0032422188114179,0,0.000522797926967626,0.091046099056769,0,0.0865942313510272,0.0526140058302066,0,0,0.00117964946244533,0.0352772540042481,0.0229238631636302,0.64484115758739,0.0361279173999609,0,0,0,0,0,0.0245860004402642,0.0010448049656732,0,0,0.665020892178409,0.751252544772025
GSM831233,0.0225680724427387,0,0,0.150594838865194,0,0.313451919910881,0.12418362597515,0.00392464414147825,0.171471769597123,0,0.0711029563254424,0.021284148516852,0.0863773188664513,0.00229815280092501,0,0.00901029074961246,0,0.000937113724232437,0.013986938110543,0,0.00880820997337722,0,0,0.384943244926417,0.93396375550325
GSM831234,0.0122249771865608,0,0.00414561195071692,0,0.246845541719163,0.344220753663478,0.0697084353616461,0.0114165632031526,0.0178419081253414,0,0.185725558446426,0,0.044332007415739,0.00881695327651403,6.30636414943579e-05,0.00744782016502814,0.0044679298228081,0.00185118738940634,0,0.0147875965377885,0.0261040920947363,0,0,0.277075764514586,1.00022602119304
GSM831235,0.0411001686338713,0,0,0.319906293079838,0,0.210372490249527,0.105732106766232,0,0,0,0.146261804346494,0.0399727087972533,0.106847207979282,0.00221378603071449,0,0.0132989379060824,0,0.005250074636978,0,0,0.00904442157372812,0,0,0.461437702290456,0.894569578818214
GSM831236,0.0221519523127425,0,0,0.130060193841694,0.153577890030113,0.141348619794422,0.0469824676088103,0.0496965546232972,0.0237286706092486,0,0,0.142808605703815,0.171945422444236,0.0120565537709878,0,0,0,0,0,0.0880229838840595,0.00360275403330288,0.0140173313432707,0,0.429661152059529,0.906821162459845
GSM831237,0.0172315450036726,0,0,0.187345966634494,0.0458754011789786,0.164789137132628,0.102244464532154,0.0214770251291563,0.0271891444206897,0,0.099339157352812,0,0.299369981612865,0.0219001318847987,0,0,0,0,0,0.00153365783403926,0,0.0117043872837114,0,0.385344998998403,0.927793104403076
GSM831238,0.0440835600418337,0,0.00526730197807119,0.0500955289311864,0.0264958519046333,0.360312563510157,0.101109711697233,0.0208539000815496,0.121984941770023,0,0.089943780604736,0,0.127640970990176,0.00336820597119554,0,0,0,0,0,0.0215128137688292,0.02608949615563,0.00124137259474602,0,0.290656520847359,0.977181984592089
GSM831239,0.0376150681750139,0,0,0.0853562039876975,0.143226034134746,0.305105327304504,0.131473877446219,0,0.00934792701999011,0,0.109174634480543,0,0.12562919435031,0.00232846241393537,0,0.00597700572405472,0.00199095570198413,0.0101406996233323,0,0.0253407670883984,0.00729384254927085,0,0,0.38673770034195,0.928946582989499
GSM831240,0.0573696361720671,0,0.00193637198062219,0.079709355328305,0.0891648577905831,0.271660461104723,0.202916061110271,0,0,0,0.108475865104119,0,0.139037643598228,0.011278569698179,0,0.0154432083836655,0,0.00886280114967138,0,0,0.0141451685795655,0,0,0.473133846178456,0.880703438544469
GSM831241,0,0,0.0159870491982868,0.111924720366746,0.0327416736542595,0.358043804984798,0.0612298730646145,0.05174076681196,0.190964064983089,0,0.0155880767975541,0.0115641844271422,0.0984000564738407,0,0,0.00585474878301727,0,0,0,0.0303665211566037,0.0155944592980885,0,0,0.346916710494853,0.955521648838149
GSM831242,0.0282197674003543,0,0,0.132337173513487,0.172145567209296,0.162854696554486,0.0316996589641,0.232330030268968,0.0662457123698817,0,0.0222689672945065,0,0.100357709352607,0.0019982094794273,0,0.0141400741718787,0,0.00460500278212153,0,0.0188237763041519,0.0119736543347331,0,0,0.444258667703595,0.90108428569668
GSM831243,0.0177880788550904,0,0,0.0114686361757622,0,0.361125111541917,0.0148780756805683,0.096972115819967,0.221670172837565,0,0.0328912596618141,0.0433822953586911,0.138149061124139,0.00310861243966442,0,0.0138517692788537,0,0.00174826290500421,0.0230734192277449,0,0.01989312909322,0,0,0.430109556996216,0.906131247058577
GSM831244,0,0.00525725592826086,0.0294298397559159,0.0944328445622216,0,0.449877065644822,0.0695188217710357,0.0231121230838336,0.0914504648832002,0,0.0947608495552461,0,0.0363921768001935,0.0617907188620633,0,0.0110173540469732,0,0.00149566618219854,0,0.0314648189240349,0,0,0,0.435442471669209,0.904224929461652
GSM831245,0,0.00225741500010336,0.00788283404286613,0.0302199497260718,0.10964218378018,0.406957813124105,0.0707514793177612,0.00559749916806816,0.0815344985702032,0,0.0553266883872868,0,0.172092644642774,0.00696255170732273,0,0,0,0.0110310984549799,0,0.00917905349478543,0.0305642905834928,0,0,0.261021122101357,0.994374448849208
GSM831246,0.0160051480567687,0,0.00296381495731343,0.0421588323258653,0.0801264142596998,0.436866858675895,0.0417874248111615,0,0.0546818142754638,0,0.0887434700352182,0,0.105479143195737,0.0485699250923058,0,0.0133187173616956,0,0.0217801942453881,0,0.0210679173192509,0.026450325388237,0,0,0.334678856009998,0.955766740058284
GSM831247,0,0.0134696510412065,0.00812952154235512,0.0148547662077077,0.130875989624854,0.304507544267739,0.00796684805313255,0.163588964350131,0.215987988819998,0,0.0233962373280767,0.00131679954196397,0.063291673859003,0.000262535945663711,0,0.00626748523995635,0,0.00628671226391695,0,0.00299293609663377,0.0368043458176606,0,0,0.366651830596162,0.950862294794084
GSM831248,0.0279111541433682,0,0,0.000528240334623727,0.0690196183621151,0.455816042667175,0.00832897510458038,0.0874913872691157,0.179090159898769,0,0.0737454974302403,0.0188794203181186,0.0157498646375059,0.00868059176996794,0.000205758587382977,0.0197235071346397,0.00320082358868156,0,0,0.00242013246278975,0.0292088262909254,0,0,0.271985735982331,1.00816723376657
GSM831249,0,0.0159346743828568,0.0140440748213335,0.0827064961288024,0.0655027715779817,0.113068144576738,0.0253694924205061,0.11933955176516,0.0774866795856297,0,0.0376489287216402,0.000750619249653867,0.374437511991112,0.00114022066807936,0,0,0,0.0160663079995556,0,0.0360694544826834,0.0204350716282682,0,0,0.417714875806791,0.909245200691162
GSM831250,0,0.0132837718745965,0.00938503250820976,0.06203464481676,0,0.334006096925448,0.0224904410110263,0.140623636922967,0.181414379828353,0,0.019204212146094,0.059227702911422,0.0961070214544063,0.0157193045962359,0,0.0205397639324912,0.000496554050831279,0.000652329975582126,0,0,0.0248151070455773,0,0,0.370865705183334,0.941763089158025
GSM831251,0.0203595499606491,0,0.00321282275938502,0.0246022994409008,0.0665812337761393,0.180162448671614,0.0254947883354866,0.187926289351021,0.166362705365714,0,0.0989936893600274,0,0.170728544361417,0,0,0.00833089841093593,0.00214695325125708,0.0119094839255307,0,0.0137082993291816,0.0194799937007396,0,0,0.338409589909937,0.953106937178613
GSM831252,0,0.0577403819945481,0.0153350600569732,0.0512632344058153,0.177378789465166,0.454885473850419,0,0.060291429432195,0.0875758627861163,0,0.00332742476047043,0.0473039408594491,0.0216013631580672,0.0066245765211174,0,0.00904898178711023,0.00152917540190865,0.00155376715809289,0,0,0.00454053836255043,0,0,0.431457345629886,0.917123634411308
GSM831253,0,0.0333178117192522,0,0.0707131639464108,0,0.569021056878506,0.0399182834830034,0.0142003876575546,0.0470350373376821,0,0.0269378633866456,0.00846369350388842,0.115611170099363,0,0,0.0105844101169048,0,0.00580274793068043,0,0.0484734637079787,0.00992091023212937,0,0,0.409863436163061,0.919552525971225
GSM831254,0,0,0.0149768853670799,0.0180110280004065,0.0390428068664647,0.629556106084147,0.0338598777034786,0.0447649894471792,0.0123297256986345,0,0.130104356679619,0,0.0409890487157954,0.00848918524970553,0.001478637569793,0.006762879823995,0.00278322774605894,0.00146289453168897,0,0.0118857899202141,0.00350256059573974,0,0,0.379097260341286,0.948217765022934
GSM831255,0.027073271018798,0,0,0,0.0923652288539675,0.0843214975312313,0.10489603401089,0.169158745007095,0.237451826786418,0,0.189117318311912,0,0.0498501974271042,0.0136036964069995,0.0010652653377349,0.00634556153192876,0.00151797749842524,0,0.00175603756163107,0.000811437101542372,0.0206659056143221,0,0,0.27262896504448,0.996933797065356
GSM831256,0,0,0.00455077200055786,0.0336510781366228,0.176586290686856,0.486689328512206,0.0859497419386625,0.0211633855669852,0.00602194606530331,0,0.0178429267433093,0,0.138630299234864,0,0,0,0,0.000328387244132956,0,0.0140632861327718,0.0145225577377277,0,0,0.408479485632634,0.923374608959144
GSM831257,0,0,0.0162260539337989,0.12261390353805,0.0156820122396919,0.275854452060857,0.0187173709060024,0.0146486098212354,0.187862937451756,0,0,0.104649469524671,0.166750262262874,0.00695579512397606,0,0.0189451588447228,0,0.0066564817973777,0.0412061049604691,0,0.0032313875345169,0,0,0.418212828036289,0.912089017677958
GSM831258,0,0,0.0174797669680221,0,0.33214882844883,0,0.00685434931376536,0.213731658956027,0.192045091057214,0,0.0206318828869755,0,0.111087789994779,0.00403010778826607,0,0.00321848899512476,0,4.1866150503847e-05,0,0.0858545205935713,0.0128756488469205,0,0,0.347422267258063,0.95465120183982
GSM831259,0.0177778212874936,0,0,0.143113080956959,0.0697163778808739,0.268498842746359,0.225822057646477,0,0,0,0.0552759112759728,0.0166643858602256,0.148516487841713,0,0,0,0,0.00307010675132669,0,0.0465005991768358,0.00504432857576382,0,0,0.411470664055292,0.914458165696412
GSM831260,0,0.00282633213181008,0.0053638818843209,0.00905123272278083,0.283204762006574,0.424725660743445,0.0187875937342379,0.0036277592610442,0.113077049705518,0,0.045732383187175,0,0.0695252122854037,0,0,0.00638497501307475,0,0.000362811637852018,0,0.0159325428712442,0.00139780281551892,0,0,0.434088349300859,0.914783103297287
GSM831261,0,0.083639208830416,0.0646109491924944,0.0670285547906805,0,0.175461026168513,0.0230981411224814,0.186649615828688,0.072116807294215,0,0.0635440270753272,0,0.125699037613628,0.0487796074094644,0,0.0189481176538523,0,0.0145838415801365,0,0.0234802660063033,0.00619271008588717,0.0261680893479135,0,0.416142348107531,0.908881882648266
GSM831262,0.0331460033953899,0,0,0.0211255830983774,0.0922981654121376,0.414827453348747,0.0622799682875089,0.00159804411111596,0.0358378722522103,0,0.00842761358482426,0.0407021185374065,0.227132348577176,0.0118954553198232,0,0,0,0.00961348016642733,0,0.0159432525876042,0.0251726413212508,0,0,0.458840858563534,0.88865400338941
GSM831263,0.0283148316329857,0,0.0111167450422369,0.0682356998837272,0,0.247915510718146,0.0334419313574808,0.00809442266061821,0.0526876622441944,0,0.00402885569590285,0.00395483842082132,0.489545047559251,0.0197455520739674,0,0,0,0.0051030302958796,0,0.0231163158528531,0.00469955656193556,0,0,0.507692997564471,0.861347974133356
GSM831264,0.0253941781663624,0,0,0.114416736205769,0,0.170425447857249,0.0653772459961701,0.140523862664233,0.0353932043315146,0,0.0186803203802842,0.00754779632573032,0.411239485294673,0.00572431200124508,0,0.00140646546630437,0,0.00180488616063606,0.00113317873625948,0,0,0.000932880413570073,0,0.450211090171195,0.893312828273246
GSM831265,0,0,0.0151057206368585,0.14028853165126,0.0935110946250637,0.217831192216619,0,0.0953010646549738,0.128457560534872,0,0,0.0743681330107,0.165592459719766,0.0324792555045289,0,0.0205224496799142,0,0.00714390312201852,0,0,0.00939863464342506,0,0,0.49174909142793,0.870393844694618
GSM831266,0,0.0497966058323311,0,0.0683124887014995,0.1974807092079,0.245022224905444,0.0364224550389499,0,0.0389452587193136,0,0.107105132437192,0,0.202808819634006,0.00106266797028106,0,0,0,0.00956471710635077,0,0.032422874606477,0.0110560458402555,0,0,0.45484026808204,0.890819878984889
GSM831267,0,0.00655712302477777,0,0.193797067188361,0.0236254294905916,0.0294483104122517,0.15251097287714,0.0599520809779078,0.117647371475542,0,0.0403363684620484,0,0.275917272057488,0.00259498123671457,0,0.0232631251861364,0,0.0136295814807826,0,0.0444610948587993,0.0162592212714589,0,0,0.42455837663201,0.905112388480986
GSM831268,0,0.0437721648275611,0,0.0728572527641994,0.0697822063430137,0.404214935826248,0.0178669956462312,0.0627979267100565,0.185744166207894,0,0.0149532433722585,0.0111420584630387,0.0847517212559496,0.00217534800296081,0,0.000156861911465453,0.00119582642025632,0.000992058601070264,0,0.00989881846299639,0.0176984151847999,0,0,0.495603562217156,0.870289118686232
GSM831269,0,0.00279067324756735,0.00667012860194917,0.156765049463868,0.132167632184885,0.0142723765947587,0.033420843932597,0.100655800841965,0.162476146862991,0,0.0673616166330361,0,0.228365847110888,0.005381060241191,0,0.0197095730421581,0,0.0109441420704245,0,0.0590191091717203,0,0,0,0.34131023402103,0.948295596506295
GSM831270,0.0571844307042512,0,0,0.0688200400164183,0.0422511923181102,0.303225527550353,0.0294210483389631,0.0935238079693211,0.127338239560705,0,0.057709199300373,0.00680016852072496,0.149164268728523,0,0,0.0193534920836689,0,0.00641299667013126,0,0.0242569645908497,0.00661295367442434,0.00792566997318285,0,0.396537680775776,0.922482357746109
GSM831271,0,0.02921356163268,0.0150659556620672,0.11613747016862,0.135028221632027,0.238283970541979,0.0206327489156475,0.12281341770919,0.055147866610915,0,0,0.0975704439951748,0.130236850303102,0.00559747032170385,0,0.0151640592749099,0.00489757813360729,0.00230826349235169,0,0,0.011902121606025,0,0,0.378137865611713,0.937823553135882
GSM831272,0,0,0.0315311338688625,0.092065260300554,0.120961721295427,0,0.0317151999980968,0.249025263063766,0.0254005711510782,0,0,0,0.308142131687362,0.0485294618300638,0,0.0157332334518103,0,0.0133606307164177,0,0.0455730148063212,0.01796237783024,0,0,0.314209789252437,0.958592905751619
GSM831273,0,0,0.00726704721202211,0.0144344232286731,0.347020798471994,0,0.0604874916868053,0.206775273777042,0.217834904101142,0,0.0281071882973524,0,0.0900059384133079,0,0,0.00145072767895753,0,0.00043330594081715,0,0.0180699876948596,0.00811291349702688,0,0,0.508148597607658,0.862985482078046
GSM831274,0.0411758947482168,0,0,0.221555917452104,0.100649903639582,0.229767525397777,0.19822783714406,0,0,0,0.00473494691411319,0.102649635566039,0.0504986006416621,0.0141316824496532,0,0.00612523895163482,0,0.00647086224312645,0.0146856773925978,0,0.00401141262800325,0.00531486483143091,0,0.4269374454871,0.912415377114152
GSM831275,0,0,0.000589995615316689,0.0117220848605802,0.393258441060565,0.439757150814541,0.0248816195597411,0.00787687157663199,0.0382414131251168,0,0.0109122333783335,0.0049323412647341,0.0355866233564227,0.00502183534412121,0.000942723847975498,0.00754683851926176,0.00226635375903676,0.00201966290157881,0,0.00414271852218219,0.0103010924938613,0,0,0.517572241862625,0.864037366542227
GSM831276,0,0.00271950579780898,0.00258657431415448,0.0068011109761274,0.462303209848383,0.320974459056674,0.0473595808341436,0,0.00579348158425387,0,0.0510559839418497,0,0.0465058902715011,0.0119583073439453,0,0,0,0.000850981148588343,0,0.0373132481534447,0.00324006803864259,0.000537598690483647,0,0.503778243805331,0.869594408056891
GSM831277,0,0.000920119177897304,0.00284154419239615,0.0273361675990707,0.276374172091355,0.409775446027674,0.0403168034407889,0.0152935894226402,0.00714493728740406,0,0.054485486021399,0,0.0711518231485014,0.0179626134958264,0,0,0,0,0,0.0556758427968464,0.0207214552982012,0,0,0.467074020831022,0.888636229420967
GSM831278,0.00797691066352614,0,0,0.0216120205193594,0.226248777554598,0.503903119577989,0.0420498529062707,0,0.0156165670245993,0,0.0385826704829845,0.0111240987716862,0.0686748576498073,0.00908144330624617,0.00121075800072135,0,0,0.00372938152051358,0,0.0381259102422155,0.0120636317794836,0,0,0.485447554246975,0.878677226378343
GSM831279,0,0.0029479143769078,0,0.0131703248760541,0.465829782275004,0.290568811892315,0.0167219828974422,0.00665779103561162,0.0525058766129369,0,0.0254103061599466,0,0.0499429912742279,0,0,0.00165610763051365,0,0.00629794915640461,0,0.0610934137354116,0.00719674807722429,0,0,0.522058863373076,0.856765233683939
GSM831280,0,0.00179973569267917,0.002356560591813,0.00898088241824542,0.300774485699136,0.496042336405409,0.0373193676249593,0,0.0439059187325395,0,0.0380581823159559,0,0.017589999919063,0.0141117456167324,0,0.000169531885770612,0,0,0,0.0387412950689457,0.000149958028751905,0,0,0.479512099642575,0.888086115459116
GSM831281,0,0,0,0,0.150253277733904,0.496063094936689,0.0115352426520561,0.110772906172381,0.0817776909875358,0,0.0614076069618927,0,0.0321110307185842,0.00668749761005479,0,0.00131027206653511,0,0,0,0.0316827822356875,0.0163985979246801,0,0,0.419097600103798,0.924103106595225
GSM831282,0.000669919362281681,0,0.00309852025376347,0.00439342359109188,0.184255691022485,0.34911114792567,0.0386768069650445,0.0378796304342152,0.0925029245368886,0,0.0405190107252844,0,0.0962631799314484,0,0,0.00361712794580167,0,0.00195461099200159,0,0.117809683604252,0.0292483227097712,0,0,0.409554478472453,0.917308302675732
GSM831283,0,0.000322835735442755,0.00189315882126994,0.00288912016226226,0.372326124343259,0.279315457849714,0.0663561452142896,0.0118550772310553,0.123857937878537,0,0.0443472850187532,0,0.0310256841557352,0.00468980655139196,0,0,0,0,0,0.0611213670382894,0,0,0,0.47402378599526,0.887038483041811
GSM831284,0.0151950205836174,0,0,0.0244639457560025,0.280377519624721,0.349918312585393,0.0662821317108696,0.0203320424965054,0.0237734628167595,0,0.00873924826937951,0.0105485832143704,0.0950224364893908,0.0244124432083712,0.000324242829448979,0,0,0.00417486663467291,0,0.0608598461071046,0.0155758976733935,0,0,0.465028913546804,0.887741776899016
GSM831285,0.00272923792553775,0,0.00339971261426407,0.0135838630622669,0.085278390859902,0.61977025761648,0.0695028852138245,0.00436410476726955,0.020638317171704,0,0.061143005165925,0,0.0458249617353969,0.00963501768372984,0,0.00216032974394518,0,0.000279996180298838,0,0.0569239597615092,0.00476596049794575,0,0,0.479940361152996,0.881643376526255
GSM831286,0,0,0.00634950323916566,0,0.1512536919893,0.467745811615267,0.0560030133288537,0.0918950951371088,0.0449325664949165,0,0.0453581835403693,0.00784442521010797,0.0373039738910778,0.0302019302006993,0,0,0,0,0,0.0555121273775896,0.00469003943598634,0.000909638539557679,0,0.469137115765604,0.887284205702001
GSM831287,0.0125713083380517,0,0,0.00620846411355561,0.126881858144339,0.324955460241404,0.0647724006301169,0.0183171556101088,0.0609066182923665,0,0.0305101870191944,0.0306834268050595,0.088668208823063,0.0255066966726749,0,0,0,0.00562320250020587,0,0.189442372070601,0.0149526407392591,0,0,0.442349550727403,0.897902647180565
GSM831288,0,0.000312077698839313,0.00349883576581856,0.00545654903883767,0.12161561637811,0.477330367122095,0.174791580162112,0,0,0,0.0170600770215544,0.0707079466193165,0.0613688660617766,0.012527460079139,0,0,0,0,0,0.0396183374496041,0.0151237060220619,0.000588580580735017,0,0.509133282267565,0.861284226547746
GSM831289,0.0122908002509621,0,0.00105075870627314,0.035851162095854,0.00506929682479013,0.58254612195106,0.131850917614428,0.0143889068747358,0.0173224156469564,0,0.0554018801102258,0.0400547002967745,0.0704183271130918,0.0079539149266801,0,0,0.00271331331569099,0.00430893070965384,0,0.0084615669783,0.010316986584524,0,0,0.50282279712816,0.865658160569538
GSM831290,0,0,0.00038981248129307,0.00341283752092258,0.142437418984735,0.401406221034458,0.0268929526563867,0.0774968632731627,0.0613096728897956,0,0.0572570299407469,0,0.0899686380540156,0.0162165020532995,0,0,0,0,0,0.107377751653533,0.0111979160844381,0.00463638337321307,0,0.465519944448684,0.886258405995632
GSM831291,0.00850436804110011,0,0,0,0.237915598917399,0.428814265626262,0.0171037154294916,0.120507830712592,0.0215665878459764,0,0.0274346935521359,0.00622769273604592,0.0615689138581129,0.0206921403544006,0,0.00870508515870847,0,0.00429122293020568,0,0.0255676455847629,0.0111002392528061,0,0,0.48000112995529,0.882363250129122
GSM831292,0.015740071935395,0,0,0.00663440397226305,0.0992333169415176,0.420574350401665,0.0661594360272937,0.0215517136734925,0.0201726915450301,0,0.0688869559241651,0,0.104971065711179,0.0192490688472726,0,0,0,0.00611537981292896,0,0.136899440355529,0.0138121048522683,0,0,0.436344044917404,0.900992491380651
GSM831293,0,0,0.000888248909070458,0,0.166042546714845,0.464379878809262,0.0570386554650809,0.00482807673918367,0.0325970959342338,0,0.0996313138566996,0,0.0850620809545016,0.0273316938871722,0,0,0,0.00125783168825698,0,0.0566974509532286,0.00361601266567124,0.000629113422794777,0,0.420069732398074,0.914490314059409
GSM831294,0,0,0,0.0167047564877715,0.222820633151795,0.367797260327082,0.036012459489297,0.106192468195901,0.0237368458540312,0,0.0608264015270871,0,0.0565585945929703,0.00894281258826499,0,0,0,0,0,0.0917825329642071,0.00862523482159319,0,0,0.442772887235231,0.902819294575804
GSM831295,0.00147368197791177,0,0.000486872517601647,0.00132332384950021,0.321320944646794,0.290585171441583,0.0335254941697535,0.0801718239591972,0.0267206391933221,0,0.0943044662822926,0,0.0580008365256119,0.032940140838484,0,0.0018499307406166,0,0.000394332820483909,0,0.0486343140132957,0.00698140860130183,0.00128661842224996,0,0.425757338202449,0.913424546616129
