alpha,module,paired_mean_diff,donors_up,donors,between_donor_diff,between_donor_P,diff_AC#1,diff_AC#2,diff_ATL-sm#1,diff_ATL-sm#2,diff_ATL-ch#1
0.0,initiation,0.1618242769708154,5,5,0.1674920195263859,0.1666666666666666,0.293,0.069,0.149,0.085,0.213
0.0,elongation,0.205510382154308,5,5,0.3304528380819496,0.0238095238095238,0.153,0.364,0.166,0.089,0.256
0.0,fusion,0.0363756437869743,2,5,-0.0477640684591029,0.5476190476190476,-0.053,-0.008,0.151,-0.022,0.114
0.0,clear,0.0345942037789884,4,5,-0.443224910540446,0.0238095238095238,0.026,0.027,-0.07,0.082,0.108
0.25,initiation,0.1762648318111773,5,5,0.2109932615104747,0.0476190476190476,0.316,0.075,0.174,0.09,0.226
0.25,elongation,0.1868225951744067,5,5,0.331746360295742,0.0238095238095238,0.108,0.338,0.155,0.072,0.261
0.25,fusion,0.0341375753598327,2,5,-0.0558471348484952,0.3809523809523809,-0.05,-0.001,0.138,-0.023,0.107
0.25,clear,0.0160367169838852,4,5,-0.4220516635186915,0.0238095238095238,0.012,0.005,-0.095,0.082,0.077
0.5,initiation,0.1913380636970661,5,5,0.2554445113124438,0.0238095238095238,0.339,0.081,0.2,0.096,0.24
0.5,elongation,0.1694191989724778,5,5,0.3337538616606555,0.0238095238095238,0.066,0.312,0.144,0.058,0.267
0.5,fusion,0.0334835746934751,3,5,-0.0602019381187629,0.2619047619047618,-0.046,0.007,0.129,-0.024,0.101
0.5,clear,-0.0002597911311924,3,5,-0.4023225452012046,0.0238095238095238,0.0,-0.016,-0.118,0.083,0.05
