nonT_pool,set,d_at_2pct,d_at_5pct,d_at_10pct,d_at_15pct,d_at_20pct,d_at_30pct,pct_nonT_to_reach_d_1.20
"published (monocytes 55%, B 25%, NK 12%, neutrophils 8%)",clear,0.382,0.92,1.765,2.537,3.292,4.637,6.66
"published (monocytes 55%, B 25%, NK 12%, neutrophils 8%)",initiation,-0.09,-0.19,-0.299,-0.319,-0.299,-0.195,
"published (monocytes 55%, B 25%, NK 12%, neutrophils 8%)",clear_without_TFEB,0.223,0.54,1.068,1.572,2.079,3.018,11.31
"monocyte share 40% (B, NK, neutrophils rebalanced)",clear,0.325,0.789,1.492,2.135,2.782,3.995,7.92
"monocyte share 40% (B, NK, neutrophils rebalanced)",initiation,-0.089,-0.194,-0.325,-0.343,-0.347,-0.265,
"monocyte share 40% (B, NK, neutrophils rebalanced)",clear_without_TFEB,0.164,0.408,0.798,1.182,1.589,2.378,15.22
"monocyte share 70% (B, NK, neutrophils rebalanced)",clear,0.436,1.062,2.026,2.922,3.768,5.27,5.72
"monocyte share 70% (B, NK, neutrophils rebalanced)",initiation,-0.086,-0.188,-0.263,-0.266,-0.226,-0.075,
"monocyte share 70% (B, NK, neutrophils rebalanced)",clear_without_TFEB,0.278,0.681,1.323,1.941,2.535,3.62,9.05
monocytes only,clear,0.551,1.338,2.545,3.637,4.637,6.4,4.47
monocytes only,initiation,-0.082,-0.155,-0.158,-0.105,0.003,0.285,
monocytes only,clear_without_TFEB,0.395,0.953,1.823,2.622,3.365,4.683,6.42
equal weights across the six populations,clear,0.428,1.056,2.034,2.971,3.826,5.363,5.74
equal weights across the six populations,initiation,0.002,0.023,0.1,0.252,0.431,0.904,
equal weights across the six populations,clear_without_TFEB,0.271,0.677,1.328,1.973,2.569,3.675,9.02
matched to the ATL-minus-control excess in LM22,clear,0.46,1.128,2.154,3.094,3.991,5.553,5.35
matched to the ATL-minus-control excess in LM22,initiation,-0.085,-0.193,-0.27,-0.275,-0.242,-0.082,
matched to the ATL-minus-control excess in LM22,clear_without_TFEB,0.31,0.763,1.469,2.135,2.788,3.935,8.1
"no monocytes (B, NK, neutrophils only)",clear,0.17,0.4,0.72,0.997,1.244,1.72,19.1
"no monocytes (B, NK, neutrophils only)",initiation,-0.081,-0.186,-0.292,-0.33,-0.327,-0.272,
"no monocytes (B, NK, neutrophils only)",clear_without_TFEB,0.001,0.015,0.044,0.077,0.108,0.198,
