population,mean_ATL,mean_control,difference,cohens_d,p,q
T cells CD8,0.08300917722642463,0.010025925757131666,0.07298325146929296,1.615706446154555,1.25744674076443e-07,2.766382829681746e-06
Mast cells activated,0.019728375165189597,0.06302302888888282,-0.043294653723693226,-1.2451002561972182,1.518875707896517e-06,1.670763278686169e-05
Monocytes,0.16475712759135183,0.062075665915975214,0.10268146167537662,1.1451839115121267,7.962402788336367e-06,5.839095378113335e-05
T cells CD4 naive,0.09111330889175669,0.2281843235622351,-0.13707101467047839,-1.2667079742182468,1.3211013586768821e-05,7.266057472722852e-05
T cells CD4 memory resting,0.2716413226283446,0.4181587858694612,-0.14651746324111659,-1.1742507358758796,7.669497455974654e-05,0.0003374578880628848
Macrophages M2,0.008361986011552459,0.0012864392233882238,0.007075546788164235,1.1878875354461405,0.0006624324548682281,0.002428919001183503
Dendritic cells activated,0.005275241200198815,0.0019665880474187287,0.0033086531527800863,0.7978333848151665,0.006960899275968586,0.021877112010186984
T cells regulatory (Tregs),0.08875814743657282,0.038810650545471614,0.0499474968911012,0.8778466299547735,0.017415158012317092,0.047891684533872006
Macrophages M0,0.012371080474874648,0.014529670028976479,-0.002158589554101831,-0.15375664789800403,0.030257269628398677,0.07396221464719677
Plasma cells,0.011763554229650473,0.0014014332391523619,0.010362120990498111,0.4812480100160071,0.05653757970760162,0.12438267535672358
B cells naive,0.014505639819430649,0.003673872337065876,0.010831767482364772,0.8042645562854821,0.06282147322726085,0.1256429464545217
Mast cells resting,0.0021465806418020793,0.0,0.0021465806418020793,0.4207074506833384,0.08163573246525714,0.14966550951963808
T cells follicular helper,0.06751909556313285,0.03573247368151393,0.03178662188161892,0.533102633436903,0.1312420273681488,0.2221018924691749
NK cells activated,0.018716746201557298,0.008672534043718809,0.010044212157838489,0.3811400567994594,0.21164044765796897,0.3325778463196655
B cells memory,0.008633474921707554,0.0004296280228369095,0.008203846898870645,0.6203714019488803,0.22872424329688879,0.33546222350210353
Dendritic cells resting,0.0005029493038046231,0.0002371270035584571,0.000265822300246166,0.27364758417522395,0.2729466854161955,0.3753016924472688
T cells gamma delta,2.268556658548654e-05,0.0,2.268556658548654e-05,0.1961161351381841,0.5450278242638791,0.6740798555588601
Macrophages M1,6.593899155711843e-05,0.00011798688943550477,-5.2047897878386345e-05,-0.17475415066315178,0.5515198818208855,0.6740798555588601
NK cells resting,0.05211593480913623,0.04720629558172262,0.004909639227413616,0.13033447209797633,0.719113182741481,0.8326573694901359
Eosinophils,0.012017397506431158,0.010479905789612623,0.0015374917168185353,0.18354550068512163,0.7697857134392148,0.8467642847831363
Neutrophils,0.0026239558740775576,0.0004089491918587524,0.002215006682218805,0.45740964999000433,0.8563871480668223,0.8971674884509567
T cells CD4 memory activated,0.06435027994486059,0.05357871638058306,0.010771563564277532,0.22159247058361664,0.9368655708404129,0.9368655708404129
