contrast,n_genes,n_blocks,null_sd,MDE_log2,MDE_fold,inflation_vs_scattered
H3K27ac Jurkat,12,12,0.21627,0.6056,1.522,1.0
H3K27ac Jurkat,12,6,0.23283,0.6519,1.571,1.077
H3K27ac Jurkat,12,4,0.23981,0.6715,1.593,1.109
H3K27ac Jurkat,12,2,0.26106,0.731,1.66,1.207
H3K27ac Jurkat,12,1,0.28068,0.7859,1.724,1.298
H3K27ac Jurkat,13,13,0.2096,0.5869,1.502,1.0
H3K27ac Jurkat,13,6,0.22433,0.6281,1.546,1.07
H3K27ac Jurkat,13,4,0.23317,0.6529,1.572,1.112
H3K27ac Jurkat,13,2,0.25401,0.7112,1.637,1.212
H3K27ac Jurkat,13,1,0.27158,0.7604,1.694,1.296
H3K27ac Jurkat,15,15,0.19355,0.542,1.456,1.0
H3K27ac Jurkat,15,6,0.21131,0.5917,1.507,1.092
H3K27ac Jurkat,15,4,0.22004,0.6161,1.533,1.137
H3K27ac Jurkat,15,2,0.23824,0.6671,1.588,1.231
H3K27ac Jurkat,15,1,0.2553,0.7149,1.641,1.319
H3K27ac TL-Om1,12,12,0.14016,0.3924,1.313,1.0
H3K27ac TL-Om1,12,6,0.14635,0.4098,1.328,1.044
H3K27ac TL-Om1,12,4,0.15095,0.4226,1.34,1.077
H3K27ac TL-Om1,12,2,0.15782,0.4419,1.358,1.126
H3K27ac TL-Om1,12,1,0.16606,0.465,1.38,1.185
H3K27ac TL-Om1,13,13,0.13468,0.3771,1.299,1.0
H3K27ac TL-Om1,13,6,0.14045,0.3933,1.313,1.043
H3K27ac TL-Om1,13,4,0.14526,0.4067,1.326,1.079
H3K27ac TL-Om1,13,2,0.1509,0.4225,1.34,1.12
H3K27ac TL-Om1,13,1,0.16207,0.4538,1.37,1.203
H3K27ac TL-Om1,15,15,0.12572,0.352,1.276,1.0
H3K27ac TL-Om1,15,6,0.13279,0.3718,1.294,1.056
H3K27ac TL-Om1,15,4,0.13572,0.38,1.301,1.08
H3K27ac TL-Om1,15,2,0.14281,0.3999,1.319,1.136
H3K27ac TL-Om1,15,1,0.1521,0.4259,1.343,1.21
ATAC empty,12,12,0.12136,0.3398,1.266,1.0
ATAC empty,12,6,0.12517,0.3505,1.275,1.031
ATAC empty,12,4,0.12602,0.3529,1.277,1.038
ATAC empty,12,2,0.12921,0.3618,1.285,1.065
ATAC empty,12,1,0.13216,0.3701,1.292,1.089
ATAC empty,13,13,0.11852,0.3319,1.259,1.0
ATAC empty,13,6,0.12075,0.3381,1.264,1.019
ATAC empty,13,4,0.12259,0.3433,1.269,1.034
ATAC empty,13,2,0.12213,0.342,1.267,1.03
ATAC empty,13,1,0.12733,0.3565,1.28,1.074
ATAC empty,15,15,0.10854,0.3039,1.234,1.0
ATAC empty,15,6,0.11247,0.3149,1.244,1.036
ATAC empty,15,4,0.1138,0.3186,1.247,1.048
ATAC empty,15,2,0.11598,0.3247,1.252,1.069
ATAC empty,15,1,0.12011,0.3363,1.263,1.107
ATAC IRF4,12,12,0.15662,0.4385,1.355,1.0
ATAC IRF4,12,6,0.16313,0.4568,1.372,1.042
ATAC IRF4,12,4,0.16541,0.4631,1.379,1.056
ATAC IRF4,12,2,0.1726,0.4833,1.398,1.102
ATAC IRF4,12,1,0.18229,0.5104,1.424,1.164
ATAC IRF4,13,13,0.1503,0.4208,1.339,1.0
ATAC IRF4,13,6,0.15586,0.4364,1.353,1.037
ATAC IRF4,13,4,0.15969,0.4471,1.363,1.062
ATAC IRF4,13,2,0.16701,0.4676,1.383,1.111
ATAC IRF4,13,1,0.17675,0.4949,1.409,1.176
ATAC IRF4,15,15,0.14003,0.3921,1.312,1.0
ATAC IRF4,15,6,0.14715,0.412,1.331,1.051
ATAC IRF4,15,4,0.14841,0.4156,1.334,1.06
ATAC IRF4,15,2,0.1552,0.4346,1.352,1.108
ATAC IRF4,15,1,0.16507,0.4622,1.378,1.179
