panel,n_markers,markers,background_frac,top100_frac_above_0.3,top100_median_abs_rho,top500_frac_above_0.3,top500_median_abs_rho
full panel (as published),5,HBB HBA1 HBA2 ALAS2 SLC4A1,30.9,100.0,0.566,100.0,0.56
leave out HBB,4,HBA1 HBA2 ALAS2 SLC4A1,30.4,100.0,0.56,100.0,0.553
leave out HBA1,4,HBB HBA2 ALAS2 SLC4A1,30.2,100.0,0.563,100.0,0.551
leave out HBA2,4,HBB HBA1 ALAS2 SLC4A1,30.1,100.0,0.558,100.0,0.549
leave out ALAS2,4,HBB HBA1 HBA2 SLC4A1,31.0,100.0,0.576,100.0,0.569
leave out SLC4A1,4,HBB HBA1 HBA2 ALAS2,32.8,100.0,0.557,100.0,0.562
globins only,3,HBB HBA1 HBA2,33.0,100.0,0.551,100.0,0.56
non-globins only,2,ALAS2 SLC4A1,20.9,92.0,0.427,90.2,0.405
HBB alone,1,HBB,31.0,100.0,0.546,100.0,0.547
HBA1 alone,1,HBA1,33.1,100.0,0.552,100.0,0.558
HBA2 alone,1,HBA2,33.2,100.0,0.556,100.0,0.563
ALAS2 alone,1,ALAS2,31.4,100.0,0.542,100.0,0.549
SLC4A1 alone,1,SLC4A1,8.7,2.0,0.107,1.8,0.09
