set,frac,cohens_d,p,q
clear,0.02,0.3875891535453764,0.125,0.12980769230769232
elongation,0.02,0.12105300070723687,0.125,0.12980769230769232
fusion,0.02,0.03979225615652399,0.125,0.12980769230769232
initiation,0.02,-0.09400516726402572,0.125,0.12980769230769232
TNFA_SIGNALING_VIA_NFKB,0.02,2.3766321746195005,0.125,0.12980769230769232
HYPOXIA,0.02,1.4823679657724995,0.125,0.12980769230769232
CHOLESTEROL_HOMEOSTASIS,0.02,0.35799042325285346,0.125,0.12980769230769232
MITOTIC_SPINDLE,0.02,0.09569219795114166,0.125,0.12980769230769232
WNT_BETA_CATENIN_SIGNALING,0.02,0.9339126009662804,0.125,0.12980769230769232
TGF_BETA_SIGNALING,0.02,3.2405485717295703,0.125,0.12980769230769232
IL6_JAK_STAT3_SIGNALING,0.02,6.71365215157518,0.125,0.12980769230769232
DNA_REPAIR,0.02,0.5610262263502291,0.125,0.12980769230769232
G2M_CHECKPOINT,0.02,-0.1802962320330512,0.125,0.12980769230769232
APOPTOSIS,0.02,2.6951780440869,0.125,0.12980769230769232
NOTCH_SIGNALING,0.02,1.412139092765214,0.125,0.12980769230769232
ADIPOGENESIS,0.02,1.6364392021933536,0.125,0.12980769230769232
ESTROGEN_RESPONSE_EARLY,0.02,2.053376547130183,0.125,0.12980769230769232
ESTROGEN_RESPONSE_LATE,0.02,5.06085887802087,0.125,0.12980769230769232
ANDROGEN_RESPONSE,0.02,1.6706821751093042,0.125,0.12980769230769232
MYOGENESIS,0.02,1.2162207507635117,0.125,0.12980769230769232
PROTEIN_SECRETION,0.02,0.731172776220127,0.125,0.12980769230769232
INTERFERON_ALPHA_RESPONSE,0.02,0.616510695923349,0.125,0.12980769230769232
INTERFERON_GAMMA_RESPONSE,0.02,2.1777811702834207,0.125,0.12980769230769232
APICAL_JUNCTION,0.02,3.416957953688956,0.125,0.12980769230769232
APICAL_SURFACE,0.02,2.1901769270248876,0.125,0.12980769230769232
HEDGEHOG_SIGNALING,0.02,3.9075642470720666,0.125,0.12980769230769232
COMPLEMENT,0.02,8.241815697591,0.125,0.12980769230769232
UNFOLDED_PROTEIN_RESPONSE,0.02,1.13373009335817,0.125,0.12980769230769232
PI3K_AKT_MTOR_SIGNALING,0.02,0.06933005563034365,0.875,0.875
MTORC1_SIGNALING,0.02,0.8262360973731551,0.125,0.12980769230769232
E2F_TARGETS,0.02,-0.3603022628664633,0.125,0.12980769230769232
MYC_TARGETS_V1,0.02,-0.28613535321445566,0.125,0.12980769230769232
MYC_TARGETS_V2,0.02,-0.2189765081347181,0.125,0.12980769230769232
EPITHELIAL_MESENCHYMAL_TRANSITION,0.02,2.4634763111446243,0.125,0.12980769230769232
INFLAMMATORY_RESPONSE,0.02,5.552563713080861,0.125,0.12980769230769232
XENOBIOTIC_METABOLISM,0.02,2.3826261613177415,0.125,0.12980769230769232
FATTY_ACID_METABOLISM,0.02,1.8946962360406019,0.125,0.12980769230769232
OXIDATIVE_PHOSPHORYLATION,0.02,0.2698745291066998,0.125,0.12980769230769232
GLYCOLYSIS,0.02,1.1991266419793731,0.125,0.12980769230769232
REACTIVE_OXYGEN_SPECIES_PATHWAY,0.02,2.6030594455034533,0.125,0.12980769230769232
P53_PATHWAY,0.02,2.675804841860849,0.125,0.12980769230769232
UV_RESPONSE_UP,0.02,1.4385618104113005,0.125,0.12980769230769232
UV_RESPONSE_DN,0.02,1.1764340629687895,0.125,0.12980769230769232
ANGIOGENESIS,0.02,2.4780022175725915,0.125,0.12980769230769232
HEME_METABOLISM,0.02,2.3247104926337556,0.125,0.12980769230769232
COAGULATION,0.02,3.8688785867605846,0.125,0.12980769230769232
IL2_STAT5_SIGNALING,0.02,1.7252595846136543,0.125,0.12980769230769232
BILE_ACID_METABOLISM,0.02,1.8990750841310755,0.125,0.12980769230769232
PEROXISOME,0.02,1.679231591117963,0.125,0.12980769230769232
ALLOGRAFT_REJECTION,0.02,6.102750624471611,0.125,0.12980769230769232
SPERMATOGENESIS,0.02,2.2308962746800174,0.125,0.12980769230769232
KRAS_SIGNALING_UP,0.02,5.4242750609945825,0.125,0.12980769230769232
KRAS_SIGNALING_DN,0.02,2.6659200377257837,0.125,0.12980769230769232
PANCREAS_BETA_CELLS,0.02,0.8125574222774553,0.375,0.3820754716981132
clear,0.05,0.9315330120616342,0.125,0.1323529411764706
elongation,0.05,0.3327380240694722,0.125,0.1323529411764706
fusion,0.05,0.060167684024869814,0.125,0.1323529411764706
initiation,0.05,-0.19687738707470656,0.125,0.1323529411764706
TNFA_SIGNALING_VIA_NFKB,0.05,3.099695310534174,0.125,0.1323529411764706
HYPOXIA,0.05,2.0530476408141554,0.125,0.1323529411764706
CHOLESTEROL_HOMEOSTASIS,0.05,0.7774973837004462,0.125,0.1323529411764706
MITOTIC_SPINDLE,0.05,0.2250978244776034,0.125,0.1323529411764706
WNT_BETA_CATENIN_SIGNALING,0.05,0.9731908210867467,0.125,0.1323529411764706
TGF_BETA_SIGNALING,0.05,4.2825389269070975,0.125,0.1323529411764706
IL6_JAK_STAT3_SIGNALING,0.05,8.774740519901089,0.125,0.1323529411764706
DNA_REPAIR,0.05,0.38164962377102174,0.25,0.25471698113207547
G2M_CHECKPOINT,0.05,-0.5017327512143755,0.125,0.1323529411764706
APOPTOSIS,0.05,3.679436317444951,0.125,0.1323529411764706
NOTCH_SIGNALING,0.05,1.9817984722877622,0.125,0.1323529411764706
ADIPOGENESIS,0.05,2.3292090071010887,0.125,0.1323529411764706
ESTROGEN_RESPONSE_EARLY,0.05,2.361270488643634,0.125,0.1323529411764706
ESTROGEN_RESPONSE_LATE,0.05,5.438639212275086,0.125,0.1323529411764706
ANDROGEN_RESPONSE,0.05,1.8759089671423628,0.125,0.1323529411764706
MYOGENESIS,0.05,1.7449966749106298,0.125,0.1323529411764706
PROTEIN_SECRETION,0.05,0.7982509193049694,0.125,0.1323529411764706
INTERFERON_ALPHA_RESPONSE,0.05,0.8443138338358587,0.125,0.1323529411764706
INTERFERON_GAMMA_RESPONSE,0.05,2.939209522054197,0.125,0.1323529411764706
APICAL_JUNCTION,0.05,4.13248600121185,0.125,0.1323529411764706
APICAL_SURFACE,0.05,2.529784093337126,0.125,0.1323529411764706
HEDGEHOG_SIGNALING,0.05,4.587778712971647,0.125,0.1323529411764706
COMPLEMENT,0.05,10.572951153914529,0.125,0.1323529411764706
UNFOLDED_PROTEIN_RESPONSE,0.05,1.0930493599541669,0.125,0.1323529411764706
PI3K_AKT_MTOR_SIGNALING,0.05,0.05290566616376511,0.625,0.625
MTORC1_SIGNALING,0.05,1.3849484672752124,0.125,0.1323529411764706
E2F_TARGETS,0.05,-0.7674251206203996,0.125,0.1323529411764706
MYC_TARGETS_V1,0.05,-0.7275201179111773,0.125,0.1323529411764706
MYC_TARGETS_V2,0.05,-0.5440973652254817,0.125,0.1323529411764706
EPITHELIAL_MESENCHYMAL_TRANSITION,0.05,3.077717869762076,0.125,0.1323529411764706
INFLAMMATORY_RESPONSE,0.05,7.036255893699954,0.125,0.1323529411764706
XENOBIOTIC_METABOLISM,0.05,3.036489421854572,0.125,0.1323529411764706
FATTY_ACID_METABOLISM,0.05,2.2369046073785763,0.125,0.1323529411764706
OXIDATIVE_PHOSPHORYLATION,0.05,0.20126544749452596,0.125,0.1323529411764706
GLYCOLYSIS,0.05,1.385566645638542,0.125,0.1323529411764706
REACTIVE_OXYGEN_SPECIES_PATHWAY,0.05,4.101968807968827,0.125,0.1323529411764706
P53_PATHWAY,0.05,3.7266275979977013,0.125,0.1323529411764706
UV_RESPONSE_UP,0.05,2.1762767750236325,0.125,0.1323529411764706
UV_RESPONSE_DN,0.05,1.2635384727368464,0.125,0.1323529411764706
ANGIOGENESIS,0.05,3.0146191125585418,0.125,0.1323529411764706
HEME_METABOLISM,0.05,2.646970401837551,0.125,0.1323529411764706
COAGULATION,0.05,5.0882363832748005,0.125,0.1323529411764706
IL2_STAT5_SIGNALING,0.05,2.5192132804509813,0.125,0.1323529411764706
BILE_ACID_METABOLISM,0.05,2.678483092712829,0.125,0.1323529411764706
PEROXISOME,0.05,2.006410101543698,0.125,0.1323529411764706
ALLOGRAFT_REJECTION,0.05,8.230098588936437,0.125,0.1323529411764706
SPERMATOGENESIS,0.05,1.5887496102371892,0.25,0.25471698113207547
KRAS_SIGNALING_UP,0.05,6.943444906199621,0.125,0.1323529411764706
KRAS_SIGNALING_DN,0.05,2.6086534108648904,0.125,0.1323529411764706
PANCREAS_BETA_CELLS,0.05,1.5661542953395617,0.125,0.1323529411764706
clear,0.1,1.7825165569339416,0.125,0.135
elongation,0.1,0.6913149748757923,0.125,0.135
fusion,0.1,0.14084678775080087,0.125,0.135
initiation,0.1,-0.3092530089485515,0.125,0.135
TNFA_SIGNALING_VIA_NFKB,0.1,3.7725968257667515,0.125,0.135
HYPOXIA,0.1,2.95287262571081,0.125,0.135
CHOLESTEROL_HOMEOSTASIS,0.1,1.3474123527459483,0.125,0.135
MITOTIC_SPINDLE,0.1,0.3725981352255055,0.125,0.135
WNT_BETA_CATENIN_SIGNALING,0.1,1.082790939225508,0.125,0.135
TGF_BETA_SIGNALING,0.1,5.491990809523594,0.125,0.135
IL6_JAK_STAT3_SIGNALING,0.1,10.527224462681376,0.125,0.135
DNA_REPAIR,0.1,0.030197509564796627,0.875,0.8915094339622641
G2M_CHECKPOINT,0.1,-0.9595762579524257,0.125,0.135
APOPTOSIS,0.1,4.665285884530589,0.125,0.135
NOTCH_SIGNALING,0.1,2.7154195400595045,0.125,0.135
ADIPOGENESIS,0.1,3.3579905316482432,0.125,0.135
ESTROGEN_RESPONSE_EARLY,0.1,2.6812313861901442,0.125,0.135
ESTROGEN_RESPONSE_LATE,0.1,6.390616640649528,0.125,0.135
ANDROGEN_RESPONSE,0.1,2.2148827210712705,0.125,0.135
MYOGENESIS,0.1,2.2316441923464816,0.125,0.135
PROTEIN_SECRETION,0.1,1.0276977975628785,0.125,0.135
INTERFERON_ALPHA_RESPONSE,0.1,1.0638717955109511,0.125,0.135
INTERFERON_GAMMA_RESPONSE,0.1,3.5952466379714902,0.125,0.135
APICAL_JUNCTION,0.1,4.899677131697771,0.125,0.135
APICAL_SURFACE,0.1,2.840535451295376,0.125,0.135
HEDGEHOG_SIGNALING,0.1,5.52602591132136,0.125,0.135
COMPLEMENT,0.1,12.258952634208471,0.125,0.135
UNFOLDED_PROTEIN_RESPONSE,0.1,0.9887041305515141,0.125,0.135
PI3K_AKT_MTOR_SIGNALING,0.1,0.11434881553087768,0.625,0.6490384615384616
MTORC1_SIGNALING,0.1,1.9756753968243483,0.125,0.135
E2F_TARGETS,0.1,-1.3440182657741102,0.125,0.135
MYC_TARGETS_V1,0.1,-1.4544680623251733,0.125,0.135
MYC_TARGETS_V2,0.1,-1.033707921704822,0.125,0.135
EPITHELIAL_MESENCHYMAL_TRANSITION,0.1,3.6789374578981153,0.125,0.135
INFLAMMATORY_RESPONSE,0.1,8.30959088294599,0.125,0.135
XENOBIOTIC_METABOLISM,0.1,3.712614564457456,0.125,0.135
FATTY_ACID_METABOLISM,0.1,2.4949134985001877,0.125,0.135
OXIDATIVE_PHOSPHORYLATION,0.1,0.03842077523372675,1.0,1.0
GLYCOLYSIS,0.1,1.5957496496598753,0.125,0.135
REACTIVE_OXYGEN_SPECIES_PATHWAY,0.1,5.523548480664244,0.125,0.135
P53_PATHWAY,0.1,4.851211480680549,0.125,0.135
UV_RESPONSE_UP,0.1,3.1192505609427577,0.125,0.135
UV_RESPONSE_DN,0.1,1.4672696228904205,0.125,0.135
ANGIOGENESIS,0.1,3.6498500409302035,0.125,0.135
HEME_METABOLISM,0.1,2.873922950311712,0.125,0.135
COAGULATION,0.1,6.086883010645972,0.125,0.135
IL2_STAT5_SIGNALING,0.1,3.350717756721513,0.125,0.135
BILE_ACID_METABOLISM,0.1,2.526361512516691,0.125,0.135
PEROXISOME,0.1,1.9664866157886538,0.125,0.135
ALLOGRAFT_REJECTION,0.1,10.258119966015508,0.125,0.135
SPERMATOGENESIS,0.1,0.724925148528578,0.375,0.3970588235294118
KRAS_SIGNALING_UP,0.1,8.512021568871903,0.125,0.135
KRAS_SIGNALING_DN,0.1,2.434269544910987,0.125,0.135
PANCREAS_BETA_CELLS,0.1,1.352465306764517,0.125,0.135
clear,0.15,2.5559205496591875,0.125,0.135
elongation,0.15,1.0907932305435382,0.125,0.135
fusion,0.15,0.2090399087032835,0.125,0.135
initiation,0.15,-0.32977762181082315,0.25,0.2647058823529412
TNFA_SIGNALING_VIA_NFKB,0.15,4.211783962601998,0.125,0.135
HYPOXIA,0.15,3.264378974762679,0.125,0.135
CHOLESTEROL_HOMEOSTASIS,0.15,1.797499140426391,0.125,0.135
MITOTIC_SPINDLE,0.15,0.4826412978738329,0.125,0.135
WNT_BETA_CATENIN_SIGNALING,0.15,1.1771383079747946,0.125,0.135
TGF_BETA_SIGNALING,0.15,6.406589290579127,0.125,0.135
IL6_JAK_STAT3_SIGNALING,0.15,11.574149794776602,0.125,0.135
DNA_REPAIR,0.15,-0.30820713423783475,0.125,0.135
G2M_CHECKPOINT,0.15,-1.377342618576251,0.125,0.135
APOPTOSIS,0.15,5.367193096518401,0.125,0.135
NOTCH_SIGNALING,0.15,3.3102326406809284,0.125,0.135
ADIPOGENESIS,0.15,4.301449751354876,0.125,0.135
ESTROGEN_RESPONSE_EARLY,0.15,2.91309050070391,0.125,0.135
ESTROGEN_RESPONSE_LATE,0.15,7.128506605045993,0.125,0.135
ANDROGEN_RESPONSE,0.15,2.474434819301506,0.125,0.135
MYOGENESIS,0.15,2.6126558257686225,0.125,0.135
PROTEIN_SECRETION,0.15,1.3564663475733314,0.125,0.135
INTERFERON_ALPHA_RESPONSE,0.15,1.2147698405880547,0.125,0.135
INTERFERON_GAMMA_RESPONSE,0.15,4.00277080615197,0.125,0.135
APICAL_JUNCTION,0.15,5.443930448343066,0.125,0.135
APICAL_SURFACE,0.15,3.0293021971168748,0.125,0.135
HEDGEHOG_SIGNALING,0.15,6.308847404906152,0.125,0.135
COMPLEMENT,0.15,13.158245569398202,0.125,0.135
UNFOLDED_PROTEIN_RESPONSE,0.15,0.8707339067571365,0.125,0.135
PI3K_AKT_MTOR_SIGNALING,0.15,0.1876404268741264,0.625,0.625
MTORC1_SIGNALING,0.15,2.3507343398723965,0.125,0.135
E2F_TARGETS,0.15,-1.880348459261589,0.125,0.135
MYC_TARGETS_V1,0.15,-2.173303164191192,0.125,0.135
MYC_TARGETS_V2,0.15,-1.4575565989454067,0.125,0.135
EPITHELIAL_MESENCHYMAL_TRANSITION,0.15,4.199047349676687,0.125,0.135
INFLAMMATORY_RESPONSE,0.15,9.071381421301187,0.125,0.135
XENOBIOTIC_METABOLISM,0.15,4.2041736081482695,0.125,0.135
FATTY_ACID_METABOLISM,0.15,2.6362593019904135,0.125,0.135
OXIDATIVE_PHOSPHORYLATION,0.15,-0.11914448620372887,0.375,0.389423076923077
GLYCOLYSIS,0.15,1.7430754597761147,0.125,0.135
REACTIVE_OXYGEN_SPECIES_PATHWAY,0.15,6.538584487779851,0.125,0.135
P53_PATHWAY,0.15,5.623901246815807,0.125,0.135
UV_RESPONSE_UP,0.15,3.816540422702034,0.125,0.135
UV_RESPONSE_DN,0.15,1.6601501829731191,0.125,0.135
ANGIOGENESIS,0.15,4.087935306673641,0.125,0.135
HEME_METABOLISM,0.15,3.1762263328055513,0.125,0.135
COAGULATION,0.15,6.949732314564383,0.125,0.135
IL2_STAT5_SIGNALING,0.15,3.896740592413058,0.125,0.135
BILE_ACID_METABOLISM,0.15,2.730459276364041,0.125,0.135
PEROXISOME,0.15,2.2743596322615116,0.125,0.135
ALLOGRAFT_REJECTION,0.15,11.645363811632924,0.125,0.135
SPERMATOGENESIS,0.15,0.4439189181480943,0.625,0.625
KRAS_SIGNALING_UP,0.15,9.289548833952429,0.125,0.135
KRAS_SIGNALING_DN,0.15,2.5386182455862474,0.125,0.135
PANCREAS_BETA_CELLS,0.15,1.4811776522644977,0.125,0.135
clear,0.2,3.3111349396441563,0.125,0.135
elongation,0.2,1.4724591592787017,0.125,0.135
fusion,0.2,0.3561673571216084,0.125,0.135
initiation,0.2,-0.30902659062476473,0.375,0.389423076923077
TNFA_SIGNALING_VIA_NFKB,0.2,4.546184007979433,0.125,0.135
HYPOXIA,0.2,3.718139493498163,0.125,0.135
CHOLESTEROL_HOMEOSTASIS,0.2,2.1942551814052758,0.125,0.135
MITOTIC_SPINDLE,0.2,0.5697833642682825,0.125,0.135
WNT_BETA_CATENIN_SIGNALING,0.2,1.2693474922467332,0.125,0.135
TGF_BETA_SIGNALING,0.2,7.126174972544505,0.125,0.135
IL6_JAK_STAT3_SIGNALING,0.2,12.306623668999984,0.125,0.135
DNA_REPAIR,0.2,-0.6204785673037178,0.125,0.135
G2M_CHECKPOINT,0.2,-1.777947791493336,0.125,0.135
APOPTOSIS,0.2,5.9321547467657325,0.125,0.135
NOTCH_SIGNALING,0.2,3.8290673123496446,0.125,0.135
ADIPOGENESIS,0.2,5.191215173629437,0.125,0.135
ESTROGEN_RESPONSE_EARLY,0.2,3.179539408399278,0.125,0.135
ESTROGEN_RESPONSE_LATE,0.2,7.149508305105444,0.125,0.135
ANDROGEN_RESPONSE,0.2,2.6946591745523603,0.125,0.135
MYOGENESIS,0.2,2.894088403243559,0.125,0.135
PROTEIN_SECRETION,0.2,1.7238074133284023,0.125,0.135
INTERFERON_ALPHA_RESPONSE,0.2,1.3322994138733175,0.125,0.135
INTERFERON_GAMMA_RESPONSE,0.2,4.287033966341264,0.125,0.135
APICAL_JUNCTION,0.2,5.899612334070369,0.125,0.135
APICAL_SURFACE,0.2,3.137244157162424,0.125,0.135
HEDGEHOG_SIGNALING,0.2,6.904418081927295,0.125,0.135
COMPLEMENT,0.2,13.898582726646305,0.125,0.135
UNFOLDED_PROTEIN_RESPONSE,0.2,0.7496869985023015,0.125,0.135
PI3K_AKT_MTOR_SIGNALING,0.2,0.3066438450944215,0.625,0.625
MTORC1_SIGNALING,0.2,2.630461405833408,0.125,0.135
E2F_TARGETS,0.2,-2.399703615674864,0.125,0.135
MYC_TARGETS_V1,0.2,-2.8527384902424546,0.125,0.135
MYC_TARGETS_V2,0.2,-1.8423658330782529,0.125,0.135
EPITHELIAL_MESENCHYMAL_TRANSITION,0.2,4.674414926908122,0.125,0.135
INFLAMMATORY_RESPONSE,0.2,9.61669541190854,0.125,0.135
XENOBIOTIC_METABOLISM,0.2,4.605066426150811,0.125,0.135
FATTY_ACID_METABOLISM,0.2,2.7325144671974666,0.125,0.135
OXIDATIVE_PHOSPHORYLATION,0.2,-0.26097027518732524,0.25,0.2647058823529412
GLYCOLYSIS,0.2,1.8602953292531017,0.125,0.135
REACTIVE_OXYGEN_SPECIES_PATHWAY,0.2,7.355713214818697,0.125,0.135
P53_PATHWAY,0.2,6.303930070133389,0.125,0.135
UV_RESPONSE_UP,0.2,4.4064161036857845,0.125,0.135
UV_RESPONSE_DN,0.2,1.8385556741832287,0.125,0.135
ANGIOGENESIS,0.2,4.444759666024695,0.125,0.135
HEME_METABOLISM,0.2,3.343558410192802,0.125,0.135
COAGULATION,0.2,7.746558941717862,0.125,0.135
IL2_STAT5_SIGNALING,0.2,4.298834949243512,0.125,0.135
BILE_ACID_METABOLISM,0.2,3.030690248857593,0.125,0.135
PEROXISOME,0.2,2.36735009289485,0.125,0.135
ALLOGRAFT_REJECTION,0.2,12.769126948017083,0.125,0.135
SPERMATOGENESIS,0.2,-0.22297288725969122,0.625,0.625
KRAS_SIGNALING_UP,0.2,9.825509596712509,0.125,0.135
KRAS_SIGNALING_DN,0.2,2.7528235503731207,0.125,0.135
PANCREAS_BETA_CELLS,0.2,1.5901825439072392,0.125,0.135
clear,0.3,4.652648680161053,0.125,0.1323529411764706
elongation,0.3,2.2012307786223153,0.125,0.1323529411764706
fusion,0.3,0.6551795739871235,0.125,0.1323529411764706
initiation,0.3,-0.2045605680328813,0.625,0.6367924528301887
TNFA_SIGNALING_VIA_NFKB,0.3,5.043807670399958,0.125,0.1323529411764706
HYPOXIA,0.3,4.399217741963542,0.125,0.1323529411764706
CHOLESTEROL_HOMEOSTASIS,0.3,2.821388686071465,0.125,0.1323529411764706
MITOTIC_SPINDLE,0.3,0.7108165725887443,0.125,0.1323529411764706
WNT_BETA_CATENIN_SIGNALING,0.3,1.4320319967687938,0.125,0.1323529411764706
TGF_BETA_SIGNALING,0.3,8.177098945691943,0.125,0.1323529411764706
IL6_JAK_STAT3_SIGNALING,0.3,13.163228986566912,0.125,0.1323529411764706
DNA_REPAIR,0.3,-1.1702302826344795,0.125,0.1323529411764706
G2M_CHECKPOINT,0.3,-2.5633214608732637,0.125,0.1323529411764706
APOPTOSIS,0.3,6.608817905964079,0.125,0.1323529411764706
NOTCH_SIGNALING,0.3,4.703730994201944,0.125,0.1323529411764706
ADIPOGENESIS,0.3,6.723776159401531,0.125,0.1323529411764706
ESTROGEN_RESPONSE_EARLY,0.3,3.4136967791051043,0.125,0.1323529411764706
ESTROGEN_RESPONSE_LATE,0.3,8.36996776898901,0.125,0.1323529411764706
ANDROGEN_RESPONSE,0.3,3.086957071037656,0.125,0.1323529411764706
MYOGENESIS,0.3,3.4723761700712608,0.125,0.1323529411764706
PROTEIN_SECRETION,0.3,2.498862165675789,0.125,0.1323529411764706
INTERFERON_ALPHA_RESPONSE,0.3,1.5096145126752358,0.125,0.1323529411764706
INTERFERON_GAMMA_RESPONSE,0.3,4.709923728758515,0.125,0.1323529411764706
APICAL_JUNCTION,0.3,6.501898013092501,0.125,0.1323529411764706
APICAL_SURFACE,0.3,3.2673880467804732,0.125,0.1323529411764706
HEDGEHOG_SIGNALING,0.3,8.090833805384156,0.125,0.1323529411764706
COMPLEMENT,0.3,14.19209246195111,0.125,0.1323529411764706
UNFOLDED_PROTEIN_RESPONSE,0.3,0.4977355574622395,0.125,0.1323529411764706
PI3K_AKT_MTOR_SIGNALING,0.3,0.5697284622828734,0.375,0.389423076923077
MTORC1_SIGNALING,0.3,2.986543565825691,0.125,0.1323529411764706
E2F_TARGETS,0.3,-3.434603072747913,0.125,0.1323529411764706
MYC_TARGETS_V1,0.3,-4.191096417487467,0.125,0.1323529411764706
MYC_TARGETS_V2,0.3,-2.5771907269421614,0.125,0.1323529411764706
EPITHELIAL_MESENCHYMAL_TRANSITION,0.3,5.292317375472184,0.125,0.1323529411764706
INFLAMMATORY_RESPONSE,0.3,10.409159102804084,0.125,0.1323529411764706
XENOBIOTIC_METABOLISM,0.3,5.294543676744236,0.125,0.1323529411764706
FATTY_ACID_METABOLISM,0.3,2.8707309254014453,0.125,0.1323529411764706
OXIDATIVE_PHOSPHORYLATION,0.3,-0.4955782761069246,0.125,0.1323529411764706
GLYCOLYSIS,0.3,2.0372544823189753,0.125,0.1323529411764706
REACTIVE_OXYGEN_SPECIES_PATHWAY,0.3,8.611995988343775,0.125,0.1323529411764706
P53_PATHWAY,0.3,7.244338010901916,0.125,0.1323529411764706
UV_RESPONSE_UP,0.3,5.335779514772324,0.125,0.1323529411764706
UV_RESPONSE_DN,0.3,2.0761302819158844,0.125,0.1323529411764706
ANGIOGENESIS,0.3,5.056689086855246,0.125,0.1323529411764706
HEME_METABOLISM,0.3,3.577141736956098,0.125,0.1323529411764706
COAGULATION,0.3,7.88053852166772,0.125,0.1323529411764706
IL2_STAT5_SIGNALING,0.3,4.860331963303619,0.125,0.1323529411764706
BILE_ACID_METABOLISM,0.3,3.207391373774238,0.125,0.1323529411764706
PEROXISOME,0.3,2.264220541664118,0.125,0.1323529411764706
ALLOGRAFT_REJECTION,0.3,14.320229277918287,0.125,0.1323529411764706
SPERMATOGENESIS,0.3,0.037433282458940904,0.875,0.875
KRAS_SIGNALING_UP,0.3,10.203753313726995,0.125,0.1323529411764706
KRAS_SIGNALING_DN,0.3,2.6893353619385176,0.125,0.1323529411764706
PANCREAS_BETA_CELLS,0.3,1.404047456140183,0.125,0.1323529411764706
