alpha,module,cohens_d,p,q
0.0,clear,1.1478880263671196,0.00010391612034992553,0.0004156644813997021
0.0,elongation,0.40144739487999637,0.12922504807608393,0.17230006410144522
0.0,fusion,-0.19183172491931305,0.44628147270912577,0.44628147270912577
0.0,initiation,-0.6169143452415341,0.03887214306328973,0.07774428612657946
0.25,clear,1.1972732899780822,4.577011224551527e-05,0.00018308044898206107
0.25,elongation,0.05653198328093445,0.5792600377360536,0.5792600377360536
0.25,fusion,-0.16875306609396498,0.5223232156348578,0.5792600377360536
0.25,initiation,-0.6357164537014777,0.030539156333778468,0.061078312667556936
0.5,clear,1.2343241697426937,2.2890067980751165e-05,9.156027192300466e-05
0.5,elongation,-0.1987246760138441,0.7652768878136271,0.7652768878136271
0.5,fusion,-0.13549678012274136,0.6653015664918356,0.7652768878136271
0.5,initiation,-0.655188027106301,0.026982522158903226,0.05396504431780645
