,gene_CSI,log2_TPM_CD4,log2_TPM_nonT_pool,nonT_minus_CD4,percentile,family,rho_monocyte_GSE33615,cohens_d_ATL_GSE33615
CD68,10.67039369295904,0.0926072911975684,9.752892917121526,9.660285625923958,0.9997530711772332,"membrane, transport and sorting",0.7892447241762311,0.24513144143468438
CTSS,5.20802469576703,7.617529250839592,12.248064905978673,4.630535655139081,0.9975924439780234,cathepsins,0.6413877683438383,-0.11208567714296956
NAGA,3.7435752554088224,4.571773273320481,7.203561044940495,2.6317877716200133,0.994258904870671,other hydrolases and lipid handling,0.461372331235345,1.97618349819034
CTSH,3.4584587974849854,5.6552768667485385,8.664933675277693,3.0096568085291544,0.9933020556824496,cathepsins,0.6125509070714552,0.43095405348587845
CTSD,3.3827491644191667,7.015769978644229,9.544845927860491,2.529075949216264,0.9929007963454536,cathepsins,0.6335616438356165,0.47770625394203725
LAMP2,3.3825465972540245,6.224556097569309,8.025391919840814,1.8008358222715053,0.9928699302426076,"membrane, transport and sorting",0.31661357379053173,0.21729188650880069
PSAP,3.2264850341017066,8.443689080153675,12.396663571076804,3.952974490923129,0.9922834742885364,other hydrolases and lipid handling,0.6305940793370249,-0.12727571891151093
AP1S2,3.055776771696614,6.017242281038167,8.606961621645299,2.5897193406071315,0.9914192234088524,"membrane, transport and sorting",0.6380963401762385,1.0628118307182435
ASAH1,2.9697410973905543,6.205417600056191,9.363476187308931,3.15805858725274,0.9909253657633188,other hydrolases and lipid handling,0.6000246822164631,-0.1396554389424419
SLC11A1,2.9271879656771653,2.0370870514496,8.24274173449668,6.205654683047079,0.9903697759120932,"membrane, transport and sorting",0.8062446007651487,0.9774035173977542
ATP6V0A1,2.914070455773363,3.9119147878005385,6.026487449334946,2.114572661534407,0.9902771776035558,vacuolar ATPase,0.6868135258546219,0.9632681496372364
ATP6V0D1,2.7516789221580327,6.355991625407855,8.380441040645927,2.024449415238072,0.9894746589295637,vacuolar ATPase,0.28001974577317046,0.2197062511100853
GNS,2.1627364750891718,5.145379705550832,7.5039745108766756,2.3585948053258434,0.9839187604173096,other hydrolases and lipid handling,0.25834766713457585,0.280951045834017
CTSB,2.101693480901912,7.685928398511747,9.465410004486236,1.779481605974491,0.9829310451262424,cathepsins,0.45865728742441075,1.344307823662663
ATP6V0B,2.053282336479899,6.48395093804798,8.25120880533647,1.7672578672884898,0.9823445891721712,vacuolar ATPase,0.6231478269245213,1.322843080269172
SORT1,2.050068683597675,1.966569309579279,4.435566294440347,2.4689969848610684,0.9822828569664794,"membrane, transport and sorting",0.8186228759875441,0.6549099019790421
LAPTM4A,1.822775450531807,6.155545387623491,7.604477597188815,1.4489322095653243,0.9788875856534354,"membrane, transport and sorting",0.12895313325689867,-0.9796724923315947
GAA,1.7569711461326691,4.845402890620216,7.44362525176252,2.5982223611423043,0.9776220754367554,other hydrolases and lipid handling,0.7834041667221094,1.3884917754542192
MCOLN1,1.726801095478963,4.151877986479702,5.762897595334523,1.6110196088548203,0.9769430211741466,"membrane, transport and sorting",0.3955325188201901,1.1140026661305684
CTSC,1.670302253058073,6.969021787329355,8.74982155214154,1.7807997648121852,0.9759553058830792,cathepsins,0.19890781192151058,1.465263511481939
HEXA,1.6577920730828708,6.7439064872414,7.285870156543989,0.5419636693025893,0.9755540465460832,other hydrolases and lipid handling,0.19687152906330993,1.4749295933204114
NPC2,1.6332639391362562,4.93759754863458,7.412403972556157,2.474806423921577,0.9750293227977036,other hydrolases and lipid handling,0.6249893942969014,0.24840749431237785
ARSB,1.6010644240219332,2.141672898404126,4.49686051741935,2.355187619015224,0.9741959380208656,other hydrolases and lipid handling,0.21316179192891527,0.24551793354247783
AP1B1,1.5286445814306426,5.623217235294177,6.7032254057069,1.0800081704127225,0.9726526328785728,"membrane, transport and sorting",-0.31198321609280516,-0.8206583589144073
HEXB,1.5135873053419713,6.309421653824035,7.778872441289701,1.4694507874656653,0.9723439718501142,other hydrolases and lipid handling,0.5390287547821796,0.343529864186564
MANBA,1.4843387726975172,4.589512439185669,6.336868419272103,1.747355980086434,0.9718192481017348,other hydrolases and lipid handling,0.42536714796988784,-0.5278060006815593
NEU1,1.4215165698567025,4.506381345558326,5.771883897977484,1.265502552419158,0.970275942959442,other hydrolases and lipid handling,0.1676552484874049,-0.8277744012904924
CLTCL1,1.411692385631269,0.5500797890218629,2.721258103719893,2.1711783146980297,0.9700598802395208,other,-0.024867333086511175,0.29350587698437675
LAPTM5,1.3777367210874054,9.813647745382438,10.79118621123373,0.9775384658512928,0.9691030310512996,"membrane, transport and sorting",-0.018881895594224367,-1.2745970990976203
CTSA,1.289468069202179,7.307699520030903,8.339282148568252,1.0315826285373486,0.9662942156923268,cathepsins,0.24392388563515335,1.5602680121482622
CTSZ,1.2880527116413822,1.2231419454541488,3.61867516462829,2.395533219174142,0.9662324834866348,cathepsins,0.34135505368382085,1.187179725043121
CD63,1.1675158747433012,5.198188765204675,6.850860615766171,1.6526718505614966,0.9618494968825236,"membrane, transport and sorting",0.6815583854823369,1.694493897826247
GM2A,1.1667821037430337,3.2692570739627107,5.624767877869691,2.3555108039069803,0.961756898573986,other,0.7252560779958042,1.210870941266857
TPP1,1.1339358553710084,7.396427250143893,8.549092833027528,1.1526655828836343,0.9602135934316932,other hydrolases and lipid handling,0.5362211526595089,1.7653480065254203
PPT1,1.1242685943026205,7.442484831928396,9.100789354150672,1.6583045222222763,0.9595962713747762,other hydrolases and lipid handling,0.178623493028677,-0.19955818883378543
LIPA,1.053962011004129,6.155937506323206,7.544504395008961,1.3885668886857552,0.9566331255015742,other hydrolases and lipid handling,0.3303123095889137,0.6140661723801167
MAN2B1,1.0173347581940306,6.2692998191508105,7.572102926364592,1.3028031072137818,0.954750293227977,other hydrolases and lipid handling,0.44718350599492956,1.1791156077178977
GLB1,0.9656951110326528,7.152485433164239,7.602917154086894,0.4504317209226549,0.9521575405889252,other hydrolases and lipid handling,0.1681784524250278,0.8948149910027962
ATP6AP1,0.8410828943944741,6.791280367858056,7.520698927304682,0.7294185594466258,0.9445953453916908,vacuolar ATPase,0.2906221557509165,0.5995554414932011
SCARB2,0.8179133521604747,4.733669265056184,6.192423238519764,1.4587539734635795,0.9429903080437064,other hydrolases and lipid handling,0.34474885844748865,-0.581837063663935
ACP2,0.7734440658242014,4.398451877252118,4.899500633025683,0.5010487557735654,0.9394715723192788,other hydrolases and lipid handling,-0.4284524250277676,-1.7674155967750473
TCIRG1,0.7392861580856398,7.724715308976151,9.05905219210134,1.3343368831251876,0.9366010247546144,other,0.2543406996708566,2.4500503509353204
CTSW,0.724302893955997,5.05001359806647,7.2377988593263805,2.1877852612599105,0.9352429162293968,cathepsins,0.18283351844995685,-0.4878179444880939
FUCA1,0.6945590966762367,3.605573740339832,5.549832765729072,1.94425902538924,0.9323723686647324,other hydrolases and lipid handling,0.3128162408984327,0.3481102374068885
CTSL,0.6486015398932726,4.157955878425234,5.980017822156207,1.822061943730973,0.9282980430890796,cathepsins,,
GLA,0.6229370663325542,4.841054975133622,6.1845994584945965,1.3435444833609749,0.9257361565528736,other hydrolases and lipid handling,0.1741330371467358,0.2753272421980877
CTSO,0.5986685275507427,4.553816458758773,5.3133939301934525,0.7595774714346799,0.9230508056052844,cathepsins,-0.19116376650623232,-0.5942809989626817
PLA2G15,0.5369067762739312,3.994499447731963,4.690883904861959,0.6963844571299962,0.915056484968208,other hydrolases and lipid handling,0.04095768477725374,0.9665477766750581
GBA1,0.5268953034546081,5.27699775352716,6.102072185045686,0.8250744315185266,0.9134514476202236,other hydrolases and lipid handling,,
HGSNAT,0.4790684341692586,3.9346017813270526,4.651847161383804,0.7172453800567515,0.9057349219087598,other hydrolases and lipid handling,-0.17030860722312757,-1.7444639652723375
ATP6V0C,0.4697520774436458,6.070370364837472,7.094603400970026,1.0242330361325545,0.903975554046546,vacuolar ATPase,0.5136690447506282,0.3513979628375295
SUMF1,0.4590218500275682,4.964905392670734,5.7781415483501855,0.8132361556794514,0.901845792950182,other,0.2359002838454894,0.20133634148054577
DNASE2,0.4588851375938789,5.601430993836395,5.931025149629457,0.3295941557930621,0.9017840607444904,other,-0.05983941009225651,0.8803727562283592
NAGPA,0.4565883857646909,4.903372055381336,5.205183886886001,0.3018118315046649,0.90141366751034,other,-0.12850377182467934,-0.8202859558662287
AP4M1,0.4415397396387884,3.4815752071209527,3.825182041439647,0.3436068343186944,0.8994382369282055,"membrane, transport and sorting",-0.3054447846936527,-0.8265164604136908
GNPTAB,0.4379864890237841,4.64453814518636,5.616523669265597,0.971985524079237,0.8988826470769801,other,-0.06693560205988681,-0.7404934745365894
AP3B1,0.349132520918489,5.674770525278884,6.244473331478234,0.5697028061993503,0.8806716463979258,"membrane, transport and sorting",-0.30089396593180284,0.08769470880995371
AP3S1,0.3485874574060768,6.414560918371407,6.693299567487784,0.2787386491163772,0.8804555836780048,"membrane, transport and sorting",0.33391953597433055,1.9961615581661194
CLTA,0.3147943156194264,5.658459747561233,6.285756049333185,0.6272963017719517,0.8718130748811656,other,0.029171744600296357,-0.5754391953519278
IGF2R,0.3082880554215125,3.6966623159368135,4.781442436510512,1.0847801205736989,0.8699919748132601,"membrane, transport and sorting",0.11869060841663583,-0.8280780863073778
GUSB,0.2532405572903883,6.092831653148397,6.425536362088801,0.3327047089404038,0.8520896351626643,other hydrolases and lipid handling,0.2769366047889118,1.5996713068320505
GALNS,0.2466898975544526,5.018485115962301,5.188967145853317,0.1704820298910156,0.8495894808321501,other hydrolases and lipid handling,0.1407503393804764,2.971185635162116
NAGLU,0.242570783657019,2.811094211699685,3.115814262175836,0.3047200504761509,0.8480461756898574,other hydrolases and lipid handling,0.3378867231891452,1.380357385270007
CLTC,0.2391336134870954,6.111526670961132,6.60682013176687,0.4952934608057386,0.8465028705475647,other,-0.3768377536008517,-1.392224851613638
GALC,0.2217937297715119,5.34630023639459,5.807201284290133,0.4609010478955424,0.8393728007901722,other hydrolases and lipid handling,-0.06975811427866223,0.26474340731363577
GGA2,0.2176939616331259,5.452659584175553,6.127488256327044,0.6748286721514907,0.8376134329279585,"membrane, transport and sorting",0.029788579759769868,-0.9059176897310857
ARSG,0.1963215941338085,4.6508609537797065,4.886819368811958,0.2359584150322513,0.8266251003148343,other hydrolases and lipid handling,0.09865249485433884,2.513295191049018
AP3S2,0.1897288115950733,4.802027036468167,5.203028716073705,0.401001679605538,0.8233841595160195,"membrane, transport and sorting",-0.040093484617111284,-1.071123792591916
NPC1,0.1793090608295134,6.598814087780496,6.7349814630381815,0.1361673752576857,0.8176739304895364,other hydrolases and lipid handling,-0.14975934838948537,-0.2881936814016965
CLTB,0.1688148301662334,3.4804401150941517,3.7643153891689902,0.2838752740748389,0.8111303166862152,other,-0.17543020664324335,0.54320762283014
AP1S3,0.1563347498316882,2.19201388079364,2.6610386575637857,0.4690247767701456,0.8038150503117476,"membrane, transport and sorting",0.05895964457608294,-0.7504265692069176
CTNS,0.1479134224426032,3.447573694725432,3.732292405214462,0.2847187104890301,0.7991851348848694,other,-0.15276867185965873,0.5965465730030949
GNPTG,0.1329363062368461,5.751027403016579,5.999103157494105,0.2480757544775258,0.788659793814433,other,0.22834135505368383,1.4181223216575343
CTSK,0.1256541767896025,4.1525484160150254,4.314184933098061,0.1616365170830356,0.7834125563306377,cathepsins,0.018696778970751577,1.3303875042032551
CD164,0.1075438432687913,8.056698395676513,8.227712964658522,0.1710145689820095,0.7691524168158528,other,-0.022861902998889305,-0.6252765750367132
AP1G1,0.1014861081727398,5.416061345468367,5.569305704006164,0.1532443585377976,0.7639051793320575,"membrane, transport and sorting",0.09175613970134519,1.1653954319624276
GGA3,0.0684900873599219,6.081544029164558,6.21827989894464,0.1367358697800824,0.7323600222235941,"membrane, transport and sorting",-0.4139824756263113,-1.6958105604459526
LAMP1,0.0620301394591162,3.224876583865866,3.439732661967532,0.2148560781016657,0.7249830236434348,"membrane, transport and sorting",0.20786633888417472,0.20968384490955036
AP3M1,0.0513055605146204,5.649183553647265,5.73196883234651,0.0827852786992453,0.7135934316933144,"membrane, transport and sorting",-0.4576082932247317,-0.8529415115581862
AP1M2,0.0467314330405744,0.7621764062273525,0.8538025899906275,0.091626183763275,0.7073276128156059,"membrane, transport and sorting",-0.06077995804023203,0.417998195140583
CTSV,0.0250853064092117,0.530152554369939,0.5674778939116938,0.0373253395417547,0.6770170998209766,cathepsins,,
AP1M1,0.0117297552979064,7.146015203803231,7.158382364788088,0.0123671609848567,0.6526637446755973,"membrane, transport and sorting",-0.04057170624971246,1.6791139650867966
CTSG,0.0050904814623286,0.0,0.1810189063485847,0.1810189063485847,0.6360577813445274,cathepsins,0.11970874984573618,-1.8168517411759906
CTSE,-0.0049337271270873,0.0656975103396456,0.06215369465523,-0.0035438156844156,0.5531822952034077,cathepsins,-0.1345180797235592,0.6397011759195779
AP4E1,-0.0328986821386557,3.1984874987769563,3.0713204326863317,-0.127167066090625,0.4960182727328847,"membrane, transport and sorting",-0.302542268295693,-0.5004624808774403
SLC17A5,-0.04668013403467,3.9694854453014825,3.86758161672381,-0.1019038285776718,0.4609235137971479,"membrane, transport and sorting",-0.32725533752931013,-1.570778945224376
IDUA,-0.0512069942256279,3.5920725540057226,3.07367405611474,-0.5183984978909826,0.4478671522933514,other hydrolases and lipid handling,0.029742070837961255,1.793713046795888
GGA1,-0.0574915603514471,6.163837817798383,6.109659022481647,-0.0541787953167363,0.4174023087844928,"membrane, transport and sorting",0.16867209675428857,1.038508026475278
ATP6V0A4,-0.0577949234152905,0.008979019667894,0.0,-0.008979019667894,0.4131427865917649,vacuolar ATPase,-0.048438849808712825,-0.6561489417443388
PSAPL1,-0.0607142180869253,0.0180757971492231,0.0121961953127659,-0.0058796018364571,0.4012902030989567,other hydrolases and lipid handling,-0.35153646797482424,-0.44731349602529463
IDS,-0.0625236960887822,7.629884788962462,7.4415981733890595,-0.1882866155734026,0.3971541453176122,other hydrolases and lipid handling,-0.0841355053683821,-1.119082479362298
LGMN,-0.0813132880532912,4.250268318682249,3.9750968707084486,-0.2751714479738001,0.3571208099265386,other,-0.008947303467851416,-1.46951036490031
ARSA,-0.0943066915670562,6.063778148724442,5.88762690195165,-0.1761512467727914,0.3317488733872461,other hydrolases and lipid handling,-0.03325928668394423,3.5457832169352725
M6PR,-0.1041041838999017,8.215069036931203,8.109688833068843,-0.1053802038623601,0.3131983455768874,"membrane, transport and sorting",0.15963223497470072,1.5063976892347268
HYAL1,-0.105284720161443,1.311896442343765,1.0375617429612132,-0.2743346993825515,0.3110685844805235,other,-0.26067505862026413,-0.5378056373650167
CLN3,-0.1061315157922994,6.575041566769551,6.429821841440474,-0.1452197253290768,0.3094326810296932,"membrane, transport and sorting",-0.17166481550043194,-0.5836420638681759
LAMP3,-0.1076178471499579,2.984887384619876,1.4332939964935596,-1.5515933881263164,0.3069942589048707,"membrane, transport and sorting",0.015518943601135383,-0.5246910775307899
ATP6V0D2,-0.1267870585990471,1.977968628457396,1.5703433733794865,-0.4076252550779093,0.2776405950984629,vacuolar ATPase,0.14821785309780883,0.10636589725130524
NAPSA,-0.1485478013349581,1.948357298302658,1.7488928995324726,-0.1994643987701854,0.2474535465152169,other,0.5170615821300754,0.35319657363609186
AP4B1,-0.1499633470130668,6.229591324590894,5.909808514768594,-0.3197828098222999,0.2460337057843076,"membrane, transport and sorting",-0.42786952263955313,-0.3594292968963866
CTSF,-0.1500210017847037,4.624666512544739,3.066362211827133,-1.5583043007176056,0.2460028396814618,cathepsins,-0.09579785264716772,-0.5288731545512213
AGA,-0.1558444914974248,5.822579385360745,5.469897809172331,-0.3526815761884139,0.2386567072041484,other hydrolases and lipid handling,-0.03921387140565224,1.0957993158201782
ACP5,-0.1685024081973039,5.75256984828841,5.568682845169711,-0.1838870031186994,0.2242731032779801,other hydrolases and lipid handling,0.25145008021720355,1.9778808808954371
AP3D1,-0.182682332795066,4.235961397495642,3.881739500388929,-0.3542218971067132,0.2103524908944996,"membrane, transport and sorting",-0.15804575538341417,-0.04784863122104857
AP1S1,-0.1886021187817666,3.321953328543008,2.9743745650691507,-0.3475787634738569,0.2043953330452497,"membrane, transport and sorting",0.0382265827471307,2.217452942213182
ATP6V0A2,-0.1921769880730773,4.307937905667598,3.8431402003905593,-0.4647977052770384,0.2011543922464349,vacuolar ATPase,-0.3978248294481744,-2.1088505441719585
ABCA2,-0.211445761099044,3.7333641210670345,3.0017209263473483,-0.7316431947196862,0.1838693746527563,other,-0.02955695421448847,1.3955892145828344
SMPD1,-0.2374983700712116,4.794129412924669,4.323962059235305,-0.470167353689364,0.1632816840545712,other hydrolases and lipid handling,-0.3096099408485662,-2.5502285359073964
AP3M2,-0.3086955586170377,6.54692957581483,3.346743218396817,-3.200186357418013,0.1180319772825483,"membrane, transport and sorting",-0.3243243243243244,-2.7741600659912846
AP3B2,-0.3119087721798905,2.9672056536619937,2.55550345983904,-0.4117021938229541,0.1159022161861843,"membrane, transport and sorting",0.002483686346191282,-0.33474996512104827
ABCB9,-0.3663549535683442,2.608534542620152,2.201233027991361,-0.4073015146287901,0.0909315389838879,other,-0.28217943971368636,-0.11872682795454584
PPT2,-0.367879756283595,3.9340808853038025,2.521476617509908,-1.4126042677938946,0.0903450830298166,other hydrolases and lipid handling,-0.11011353819573,-0.0645798822783914
LAPTM4B,-0.3855049372402641,2.213889047676024,0.7241355835378201,-1.4897534641382038,0.0836162726094203,"membrane, transport and sorting",-0.08145131432802667,-2.966658788307312
ATP6V1H,-0.4364270637336491,6.175664393571234,5.9295911081015,-0.246073285469734,0.067318970306809,vacuolar ATPase,0.059561733015262276,0.7393654799643348
CLN5,-0.4776132549466642,5.580283770655173,5.151379675916977,-0.4289040947381961,0.056484968207914,"membrane, transport and sorting",-0.3794582253486364,-1.5597908296671044
ENTPD4,-0.4851617126897397,6.900326361410669,5.971380722719474,-0.9289456386911948,0.0547564664485462,other,-0.24515611501912873,0.22779202633286805
SGSH,-0.5073926429948705,6.535629585796772,5.652064406353584,-0.8835651794431882,0.0497870238903636,other hydrolases and lipid handling,-0.08247009186728624,-0.15490243785449886
AP4S1,-0.6008891719225852,3.759953289069893,3.208394768162405,-0.5515585209074874,0.0343848385702821,"membrane, transport and sorting",-0.3809083055658398,-1.3398622046699897
MFSD8,-0.6761306435950136,6.247854376388181,5.278272001938714,-0.9695823744494668,0.0266991789616643,other,-0.22741577193631993,0.254356433711691
SLC11A2,-1.330277272076443,6.45079790229194,6.01033159897495,-0.4404663033169891,0.0043829866041113,"membrane, transport and sorting",-0.270735150069374,-0.8570076605192879
