contrast,distance_bin,n_pairs,r
H3K27ac Jurkat,0-100 kb,350,0.1432
H3K27ac Jurkat,100-500 kb,1098,0.1039
H3K27ac Jurkat,500-1000 kb,1179,0.0111
H3K27ac Jurkat,1000-5000 kb,6610,0.0146
H3K27ac Jurkat,5000-20000 kb,17613,0.0183
H3K27ac Jurkat,20000-1000000 kb,53524,0.0136
H3K27ac TL-Om1,0-100 kb,357,-0.0082
H3K27ac TL-Om1,100-500 kb,1061,0.0102
H3K27ac TL-Om1,500-1000 kb,1180,-0.0308
H3K27ac TL-Om1,1000-5000 kb,6628,0.027
H3K27ac TL-Om1,5000-20000 kb,17652,0.0163
H3K27ac TL-Om1,20000-1000000 kb,53500,0.0081
ATAC empty,0-100 kb,330,0.1584
ATAC empty,100-500 kb,1162,-0.0338
ATAC empty,500-1000 kb,1154,0.0065
ATAC empty,1000-5000 kb,6599,-0.0066
ATAC empty,5000-20000 kb,17763,0.0127
ATAC empty,20000-1000000 kb,53553,0.0085
ATAC IRF4,0-100 kb,335,-0.0037
ATAC IRF4,100-500 kb,1074,0.0718
ATAC IRF4,500-1000 kb,1115,0.0521
ATAC IRF4,1000-5000 kb,6666,0.0203
ATAC IRF4,5000-20000 kb,17532,0.0128
ATAC IRF4,20000-1000000 kb,53577,0.0009
