contrast,n_genes,permutation_sd,normal_approx_sd,ratio,null_mean
H3K27ac Jurkat,12,0.21798,0.21679,1.0055,-0.00103
H3K27ac Jurkat,13,0.20866,0.20828,1.0018,0.0012
H3K27ac Jurkat,15,0.19221,0.1939,0.9913,-0.00095
H3K27ac TL-Om1,12,0.14096,0.14083,1.0009,-0.00027
H3K27ac TL-Om1,13,0.13503,0.1353,0.998,-0.00024
H3K27ac TL-Om1,15,0.12673,0.12596,1.0061,0.00029
ATAC empty,12,0.12106,0.12168,0.9949,0.00068
ATAC empty,13,0.11633,0.1169,0.9951,0.00098
ATAC empty,15,0.10838,0.10883,0.9958,-0.00098
ATAC IRF4,12,0.15748,0.1568,1.0043,0.00037
ATAC IRF4,13,0.14992,0.15065,0.9952,0.00098
ATAC IRF4,15,0.13984,0.14024,0.9971,-0.00114
