module,gene,rho_monocyte_LM22,cohens_d
initiation,ULK1,0.17709763511972615,0.05665214059449018
initiation,ULK2,0.17632358385783048,0.5746518894892245
initiation,RB1CC1,-0.10727591074543742,-0.4261338539711681
initiation,BECN1,0.012001727755152415,0.5192464550296291
initiation,PIK3C3,-0.436165617672467,-1.5374145918308708
initiation,PIK3R4,-0.3052596666423232,-0.4449630634210708
initiation,NRBF2,-0.14163073577133461,-0.4650998041718358
initiation,AMBRA1,-0.5967634945097113,-1.9649854315610926
initiation,SH3GLB1,0.20491025631746412,0.49145944867321034
elongation,ATG3,-0.001419227446624707,0.011103860469676725
elongation,ATG4B,0.05146242132543503,0.14625168090344134
elongation,ATG5,-0.14656721714012091,-0.14253355706632576
elongation,ATG7,0.1542021473528323,0.9430987520815642
elongation,ATG10,0.29799378312764085,0.7288611912583177
elongation,ATG12,0.0049672960631864755,-0.22035329771551912
elongation,ATG16L1,-0.16349135339711304,-0.2966883014787417
elongation,MAP1LC3A,0.37245464642724924,1.4803953278223239
elongation,MAP1LC3B,0.09980871282241147,0.4254000226678968
elongation,GABARAP,0.5571084783413551,0.774950125038295
elongation,GABARAPL1,-0.16025052643422547,-2.175042723314716
elongation,GABARAPL2,0.09991746820509033,0.6290323890442644
elongation,ATG9A,-0.13826775783884895,-0.26906479762480706
elongation,WIPI1,0.4237814990060269,-0.23142793270783513
elongation,WIPI2,0.03154793127292233,-0.3907336594728186
fusion,STX17,-0.4708822486406377,-1.6504786721319356
fusion,SNAP29,0.23615074899065921,1.078280273955271
fusion,VAMP8,0.45838668379334,1.6753913685784025
fusion,VAMP7,-0.16458537413619093,-0.39971385595347053
fusion,RAB7A,-0.1712959034968848,-0.9120212952818602
fusion,PLEKHM1,-0.2715969394051586,-1.3132180500536232
fusion,VPS33A,0.03267308404294706,0.18708634799821378
fusion,VPS16,0.3168579538442553,2.218193877496315
fusion,VPS11,-0.41666988053411913,-1.370898600608211
fusion,VPS18,0.3216809109550007,0.7635622417553664
fusion,VPS39,-0.5273972602739726,-1.249438480137744
fusion,VPS41,0.18909663087745282,0.43737941624295457
fusion,LAMP1,0.17554631662186612,0.20968384490955036
fusion,LAMP2,0.17319336352301207,0.21729188650880069
clear,TFEB,0.2907278996129586,0.41516428549003903
clear,TFE3,0.23744292237442927,0.4256686441777571
clear,CTSB,0.4769221276070592,1.344307823662663
clear,CTSD,0.5576946809823523,0.47770625394203725
clear,CTSF,-0.1268357398494385,-0.5288731545512213
clear,GBA,0.022383857706590404,0.6352793750979684
clear,HEXA,0.3323460446748119,1.4749295933204114
clear,MCOLN1,0.5817289892632359,1.1140026661305684
clear,ATP6V1H,0.12706811573341503,0.7393654799643348
clear,ATP6V0E1,0.050953743628441156,0.2928238358798743
clear,ATP6V1A,0.2211235123130716,0.6764383668540102
clear,SQSTM1,-0.2708894151121486,-1.4094193211154715
clear,NBR1,-0.22063156598278083,-0.051749350855978316
