,gene_CSI,log2_TPM_CD4,log2_TPM_nonT_pool,nonT_minus_CD4,percentile,rho_monocyte_GSE33615,cohens_d_ATL_GSE33615
CTSD,3.3827491644191667,7.015769978644229,9.544845927860493,2.5290759492162636,0.9929007963454535,0.6335616438356165,0.4777062539420372
TFEB,2.362362972615167,1.994951143680993,5.316097457374317,3.3211463136933244,0.9860485215136737,0.296883074819664,0.415164285490039
CTSB,2.101693480901912,7.685928398511747,9.465410004486237,1.7794816059744907,0.9829310451262424,0.4586572874244107,1.344307823662663
ATP6V1A,1.8063962692515108,4.754326672603922,6.6581977530042336,1.9038710804003118,0.9786097907278227,0.1193857166032413,0.6764383668540102
MCOLN1,1.726801095478963,4.151877986479702,5.762897595334523,1.6110196088548205,0.9769430211741466,0.3955325188201901,1.1140026661305684
HEXA,1.6577920730828708,6.7439064872414,7.285870156543989,0.5419636693025893,0.9755540465460831,0.1968715290633099,1.4749295933204114
TFE3,1.0007602347593416,3.5843776796435405,5.267427333620393,1.6830496539768527,0.9539477745539848,0.1515796618536345,0.4256686441777571
SQSTM1,0.6850483358529034,7.214242264962507,7.94108828590975,0.7268460209472432,0.9316624482992777,-0.1405046009590802,-1.4094193211154715
CTSL,0.6486015398932726,4.157955878425234,5.980017822156207,1.822061943730973,0.9282980430890796,,
ATP6V0E1,0.09504340825439686,7.150387696187239,7.353488654833324,0.20310095864608524,0.758688807951108,0.0888566646381535,0.2928238358798743
NBR1,0.014333012064935372,6.298839906187278,6.317638603838706,0.01879869765142761,0.6584357059077721,-0.168998657903885,-0.0517493508559783
CTSF,-0.15002100178470373,4.624666512544739,3.066362211827133,-1.5583043007176056,0.24600283968146183,-0.0957978526471677,-0.5288731545512213
ATP6V1H,-0.43642706373364915,6.175664393571234,5.9295911081015,-0.24607328546973406,0.06731897030680906,0.0595617330152622,0.7393654799643348
