,B lineage,Cytotoxic lymphocytes,Endothelial cells,Fibroblasts,Monocytic lineage,Myeloid dendritic cells,NK cells,Neutrophils,T cells
GSM831223,9.130883867922703,8.665908422141563,3.0722448629158308,3.3668118360588166,5.771179053621748,2.828964085427393,5.987949314850499,4.091383712384143,11.081774581563907
GSM831224,7.039259753517667,7.487990666661887,3.393711168780341,3.6946060190038246,5.8838702881764755,3.012918441307016,3.8093555036067546,4.57626646706706,11.07842959227051
GSM831225,5.180801860532677,6.790128145500129,3.1876145478040403,3.3981639928841667,6.857879753998339,3.2106793870460946,2.8370642921350453,6.342360838138835,11.674175910466541
GSM831226,5.492253722713607,5.8028556761613235,4.001151801641757,4.176538395655398,5.585263088802029,2.3522507251893408,4.535106795198608,4.733554892878464,11.495745743521459
GSM831227,5.83572997646496,7.938017774276529,3.9378755346261536,4.522869771851995,7.926416031906442,3.828563749024158,5.715323184496465,6.488072066641501,10.929343379265617
GSM831228,5.875437390739125,7.992971636282964,3.8042423489668766,4.371153435534414,7.489025934258119,3.228566101297056,3.262148369589708,4.379032963650267,10.985931512796263
GSM831229,6.144362634841458,7.774676260403772,3.5566715279046215,5.203809785457584,7.190506262162269,3.3252547186656143,6.595787779996118,6.269098101760356,10.88392805976164
GSM831230,7.985658782017227,8.76478569150675,3.422929982617276,3.914766204475833,6.7202519573100705,3.4701015362201515,6.267704681587865,7.712063640357908,10.736408892724409
GSM831231,7.1831746829409076,7.245475541606027,3.4089966598252053,4.681086095243457,7.993902393718479,4.013337630138013,3.906391598136557,6.816372841129357,10.936822266047812
GSM831232,6.736787241417445,9.559940306440115,3.7605187080843034,4.098206143249868,9.004367083152777,4.542041156183409,6.085045704079334,7.6555917199375365,10.03621797413421
GSM831233,7.118193871662211,8.232032757973565,3.3915194987973076,4.304876899337894,5.976276633914339,3.0604739367232363,4.77172645944298,4.837681881962784,10.217628530521027
GSM831234,5.8751265981506755,7.8031943120874985,3.2442881502491874,3.553336500908848,5.3720476601336316,2.6316045919434576,4.780988737880642,4.226991417031975,10.833358859002601
GSM831235,7.744551283299892,10.192769185502078,3.490671719203111,4.292150888925631,7.037780151195733,3.4311328563574457,6.630754950482566,5.845076959481351,10.969250159162586
GSM831236,7.781351587613831,8.876123474486434,3.474949823049299,4.582038401349104,6.136214782292751,3.2502064096758945,5.3317512186052,6.82154095917041,11.019420884551444
GSM831237,7.748367666997309,8.734212340274702,3.6716809631574026,4.280627623798812,7.020583549909057,2.989021687603246,6.217946323235725,6.600613052834771,10.542464290912145
GSM831238,6.658755488980805,7.224237879888678,3.2648033023725644,4.346750227370591,6.885330033616332,3.1726177277987695,5.0680683939437765,5.748337210182995,11.120198200200637
GSM831239,6.458156817341025,8.260704843858916,3.341667712753741,4.782008025429273,7.264853464012726,3.320877315187995,5.774725342756611,6.002747437818003,10.948753251327597
GSM831240,7.849356710044977,8.900185197558438,3.438881459976971,4.321636485070003,7.696215529748495,3.507832117437738,6.902176259281909,5.2254537074013925,11.341652616311412
GSM831241,5.486942563936164,6.579854178064108,3.3389501572035347,3.850153647868944,5.6128676170388845,2.6856226079804117,3.6949458306791185,4.532999818904071,10.986873546133507
GSM831242,7.351677353050854,6.619383579215359,3.401976945032223,5.266227432711847,6.767940178753607,3.3195422699405683,4.4955841505040155,5.421299362326351,11.263304404261325
GSM831243,6.328482371028832,5.492202369850611,3.324749617097391,4.931148253189066,5.572466769553581,2.888303350076321,3.5964081242281547,5.088803411652216,11.33705770848497
GSM831244,5.938388223853245,5.755650770396721,3.232366835913739,3.2553222973948617,4.587017633748436,2.1214254906329666,3.643009637258288,4.130576375108729,10.267365241283496
GSM831245,5.445162115392814,6.2839224721700315,3.6088353063988734,5.398101818665423,6.452062418234787,2.6669163433093606,4.75212869507603,5.356076850572119,11.417960347055583
GSM831246,6.350284775883783,6.816059045806072,3.278354977749659,4.133649323789969,5.6209360974182525,2.7479984359545555,3.7426112816887884,6.335655770143387,11.05109323107436
GSM831247,5.176852551408867,4.3938329414998725,3.6737355011609103,4.399497624107136,4.475131758413385,2.4628997575615212,4.3519692095057145,4.837222636480326,12.00692725541826
GSM831248,5.942398430259486,5.378374829898616,3.6217020566697093,5.457918328883724,3.317580236265084,2.517541356020763,5.084479511628854,3.8391447307048825,11.110881762415207
GSM831249,6.297865490818321,6.52860245006066,3.834053134375296,4.994411380906089,8.341453929223947,3.80440141205736,4.309386323139576,5.612693141408081,10.65990509032285
GSM831250,6.271368542988849,6.635331113617111,3.378100381864156,4.005105455089636,5.934189897209967,3.1195857403603173,4.870072293926773,4.659030859375811,11.094407399392168
GSM831251,5.704656215604157,5.92301986185583,2.9370957234920354,3.1284475489754295,6.591898729458669,4.06655842981669,4.962743819435692,5.145090055167043,10.403437866398026
GSM831252,5.625868595184045,6.588554756622789,2.9657465995893117,3.3159012771511636,4.526752985918169,3.044705130036243,4.139502712039598,4.839553033916227,10.034931887212768
GSM831253,6.090457260479065,6.862870071813021,3.776871518938741,4.143914600036728,6.398636504427109,2.9829279525264583,5.2209038221764095,4.547470198141873,10.739874331020284
GSM831254,4.529765254782482,7.121887999724393,3.3070495635398465,4.094716469225691,3.898015848676819,2.8360165720596413,3.580220433604324,4.798999554605646,11.436664695467794
GSM831255,6.049035641406606,7.02863811143048,3.1907292670748473,4.093757354141326,5.136502615884647,3.052419188204948,4.796364968783751,4.276335571552669,10.876992386951208
GSM831256,6.071187186429094,7.41038697325705,3.0071221774759036,4.538305161522739,6.305178390464533,3.2242295663647647,4.46494040869777,4.271673815654684,11.683911435814476
GSM831257,5.227515539956975,8.097309026443074,3.1822293018781544,4.171691270783398,6.832355062315318,2.658098780298361,4.465976675797439,4.7010116509728865,11.094577117619878
GSM831258,4.559914540909876,5.882115742698422,3.1713586847332635,3.388646202891209,6.218341596711797,2.7661180694176464,4.951400437552883,4.660199667661826,11.234702406358823
GSM831259,6.151361079045847,9.475164024028405,3.402715684107152,4.014947935173125,7.072089608798879,3.100230884774331,7.001924708226412,5.8981690954447545,11.082732904636295
GSM831260,5.692765210895428,5.735427326259814,3.5340292135054594,4.118232676021231,5.835056012554696,2.786628712692022,4.28404224000619,4.198713284727246,11.355224489527286
GSM831261,7.24931455288428,5.30937116720615,3.3323230971609332,5.645453190944586,6.118775103548117,2.5402536608615565,4.569705919895496,6.7371542384265055,10.69648136390521
GSM831262,6.799530952059737,8.076097271162237,3.871125110362547,3.6344992786183923,6.894765404743161,3.8872761365112374,4.748140125260107,5.153648856901966,10.938339629880094
GSM831263,6.659466933498223,6.891824333183945,3.428661236260653,3.9338025872381235,8.645736745293084,3.3138679199403667,4.420370804462464,6.098214592420448,10.430710741940944
GSM831264,7.882837220087268,7.247071771761831,4.024181875058599,3.852730477300463,8.587585504412806,4.67040271447003,5.119307836976834,6.812478417144693,11.081060987926792
GSM831265,6.410849138226955,6.279531743558268,3.569552412530377,4.696967275729393,6.7287260954282475,4.154472808212811,4.432673362924839,4.892613084177318,10.682516707721552
GSM831266,6.090701857038901,8.366045990795389,3.6298748263794467,3.7478887882640257,6.417565712334332,3.588216839343307,4.821878775785953,5.407499538426073,10.815725869497449
GSM831267,6.278554218877572,8.009626968533992,3.3052772956668734,3.941669863379508,7.216196212197423,3.8218673877971816,4.754459367987713,5.498210689399399,11.14930828221644
GSM831268,6.2942410386470815,5.470062379104577,3.5446270650385565,4.5165296935543315,5.117938531843838,3.0355649785688614,3.8726765379915276,4.048645334996807,11.682646228230308
GSM831269,5.996074630127326,7.576371332218457,3.8842921480872783,3.9379138341589366,6.820721849409521,2.8370134647291994,4.393869680708418,5.3150325373172995,11.670421099892991
GSM831270,6.57006578254361,6.958323037695345,3.4166135715000894,3.828787456832619,6.938304566662788,3.1468433956791317,4.961770277090874,6.206804728404389,11.304316088167992
GSM831271,7.615123894149564,8.267755590244496,2.9700498100591037,3.9104425968058107,7.264944485225227,3.554492644658244,4.187662640972916,5.4512541800527865,11.225738361601929
GSM831272,5.777542932211856,8.213806616487085,3.582770634133257,4.165138230648462,7.984383091650116,3.932474119377045,4.637486475102338,6.7934299515021195,9.69672221256677
GSM831273,5.466609070949685,8.001703186056757,2.992526762335425,3.219182703671727,6.490185890239205,3.3502520103997853,4.670794630168892,4.774492918599981,11.580299239758642
GSM831274,7.414912993808757,9.8118107682371,3.1363515231225416,4.352247549397285,6.418308571235017,3.05723270810949,6.910443003489024,5.7798354836150265,10.954285320870603
GSM831275,4.512940419516892,4.734071566769466,3.1856382311247944,4.557477451052008,4.129923258216786,2.8189929316670814,2.830224617770883,4.414201806485585,11.664536562698373
GSM831276,4.451750782775182,6.103582391418682,3.230173732082311,5.154433335996376,5.887193082615257,2.9173245616708945,3.6540396829844712,5.175318602577561,11.753182106888584
GSM831277,5.800973984191234,6.682641036177072,3.2076139810356663,4.58095599555372,6.8614504929082285,3.380474295260144,4.483482413072899,5.278876135388252,11.500943055147227
GSM831278,5.0680156799289175,5.97174569876475,3.28645367537788,4.5776529252366425,5.4931596113122,3.088015239786958,4.099721827564546,4.693897846648408,11.615760985925515
GSM831279,4.808366235389127,5.584093643779119,3.3549760733294915,4.5731106657061185,5.9392731337940985,3.004772558111061,3.0369882447010643,4.5526220223258695,11.517586477518655
GSM831280,4.808212477996545,6.160949732330185,3.4599969000264994,4.712250343084766,3.951660848371222,2.5524458182449985,3.102427332496641,4.4455403887092215,11.439995938164937
GSM831281,5.363900536066051,4.246942145962353,4.128561863796943,4.639324741769961,3.1989922931200048,2.177171099660332,2.9436824471886935,4.2993354932153425,11.357223940849385
GSM831282,4.967408081301547,7.016360196847337,3.4860852098991875,4.736555172503958,6.6549590737976345,3.4023812975555145,4.41306335063469,5.2579959795499605,11.549960278417746
GSM831283,4.753587722465026,6.716938350161965,3.2687456312041534,4.989699319825339,4.895237437873496,2.7741758824041858,4.289566291522118,4.438162049960977,11.62140554302049
GSM831284,5.337106786965765,7.375669213219625,3.322917574225152,4.665109765261657,6.115158736414323,3.180506070576522,4.790639875027697,4.380959963589856,11.404728078429436
GSM831285,5.691631946958641,7.675518934276318,3.2971905198392712,4.498069515913502,5.652230774846815,4.11661249729215,5.0118077077003615,4.2786780736731025,11.589199756389746
GSM831286,4.7958301344948335,7.642789036766795,3.3584413890472757,4.577506369823341,5.197584458705172,2.932048261779893,5.2705054387803605,5.0544524405927165,11.590537208631984
GSM831287,4.9320831072722235,8.250504420683873,3.4916916638827473,4.753838251143926,5.114674085882747,2.893016985804022,5.327108708329965,6.256325128993595,11.486448188571547
GSM831288,5.225730135033398,8.617182232248252,3.670339970162607,4.328901213521854,5.987319963803816,3.1372805693368684,6.242060922279447,5.099283477398414,11.294033790648895
GSM831289,5.54233834001973,7.857905221813275,3.6178125270578407,4.6186067893684095,5.650492274587263,2.9753712805067467,4.204268928075844,5.200066159679184,11.411035184398173
GSM831290,5.233350081771906,6.162396431202576,3.6891237420222414,4.493940565001792,5.988296394710019,3.001838648415319,4.5805649003863325,6.0409920505837595,11.454268942141901
GSM831291,4.905032690888962,5.399991363054646,3.751275402010666,4.676100449017829,5.5538058239182275,2.9010169058707396,3.0908765926073087,4.71668663833877,11.543736107937239
GSM831292,5.133490213203961,7.433880108609292,3.4547184854944026,4.335623406908923,7.171612898646558,3.2731123803010136,4.003190444398715,5.284433556623875,11.340494789428176
GSM831293,4.8498676015872215,6.090890426689755,3.559420004132809,4.701664483582971,5.737994400382818,3.3406961446641974,3.4963743852916624,5.420328550842303,11.505203628103787
GSM831294,5.199541423845741,6.426797001576436,3.449040043568805,4.659620032145563,5.7130404116281435,2.8209361365884438,3.8873751674036714,4.7271704718701475,11.31346906037581
GSM831295,5.644910628529999,6.954436571682036,3.7394739252271734,4.555650255847346,5.544170085403677,2.8950293569756753,5.288930932429474,5.29010618888563,11.256638424725379
